2019-12-31,-0.013629,0.000198,0.005799,-0.016895,-99.395996,21167946112.0
2019-12-30,-0.017468,-0.000321,0.004334,-0.019716,-129.657715,22874131672.0
2019-12-29,0.014302,-4.7e-05,0.026778,-0.00521,104.662598,22445257702.0
2019-12-28,0.003827,-0.000145,0.014945,-0.000437,27.901855,21365673026.0
2019-12-27,0.007062,-0.000114,0.017207,-0.006773,51.121582,22777360996.0
2019-12-26,-0.004974,-4.9e-05,0.015553,-0.010277,-36.188965,22787010034.0
2019-12-25,-0.00647,0.00044,0.00471,-0.013867,-47.376465,21559505149.0
2019-12-24,-0.004499,-0.000168,0.024483,-0.011705,-33.096191,22991622105.0
2019-12-23,-0.020763,-0.000358,0.019249,-0.024681,-155.960449,27831788041.0
2019-12-22,0.044559,4e-06,0.045455,-0.003335,320.430176,23134537956.0
2019-12-21,-0.003831,0.000246,0.000611,-0.014695,-27.657715,19312552168.0
2019-12-20,0.002217,0.000804,0.007647,-0.016205,15.972168,22633815180.0
2019-12-19,-0.010164,0.000108,0.009592,-0.032352,-73.958496,25904604416.0
2019-12-18,0.095819,0.001082,0.103075,-0.015129,636.287597,31836522778.0
2019-12-17,-0.042116,-0.000168,0.004557,-0.049695,-291.965332,22363804217.0
2019-12-16,-0.030734,0.00019,0.002638,-0.034761,-219.821289,20213265950.0
2019-12-15,0.003878,-6.1e-05,0.007916,-0.028113,27.62793,16881129804.0
2019-12-14,-0.019947,-0.000108,0.005386,-0.023725,-145.010742,17137029730.0
2019-12-13,0.003666,0.000211,0.006962,-0.002211,26.550293,17125736940.0
2019-12-12,0.003562,-9.5e-05,0.006819,-0.0073,25.707031,18927080224.0
2019-12-11,-0.008339,-0.000127,0.006325,-0.011348,-60.692383,16350490689.0
2019-12-10,-0.01659,-0.000509,0.003124,-0.020924,-122.779785,18249031195.0
2019-12-09,-0.021607,-0.000337,0.007105,-0.026223,-163.445801,17872021272.0
2019-12-08,0.001073,-0.000648,0.010371,-0.010607,8.107422,15409908086.0
2019-12-07,0.001224,3.6e-05,0.005692,-0.00282,9.241211,15453520564.0
2019-12-06,0.01325,0.000303,0.01325,-0.007536,98.688965,18104466307.0
2019-12-05,0.027065,0.000166,0.06776,-0.002669,196.272949,18816085231.0
2019-12-04,-0.009305,-3e-06,0.030005,-0.020385,-68.11084,21664240918.0
2019-12-03,-0.000252,0.000271,0.01323,-0.012651,-1.842773,14797485769.0
2019-12-02,-0.01378,-3.5e-05,0.006806,-0.025712,-102.304199,17082040706.0
2019-12-01,-0.0192,0.000262,0.000262,-0.036764,-145.337403,18720708479.0
2019-11-30,-0.024689,0.000363,0.009645,-0.031618,-191.613769,17158194786.0
2019-11-29,0.039948,0.000485,0.042619,-0.000315,298.137695,19709695456.0
2019-11-28,-0.009103,0.000685,0.026343,-0.010295,-68.557617,19050116751.0
2019-11-27,0.043402,0.000348,0.055597,-0.03383,313.29248,23991412764.0
2019-11-26,0.010109,-0.000136,0.024362,-0.006656,72.237305,21129505542.0
2019-11-25,0.013936,-0.001127,0.038584,-0.061117,98.216797,42685231262.0
2019-11-24,-0.047295,0.000113,0.001457,-0.049813,-349.879883,30433517289.0
2019-11-23,0.013872,-5.7e-05,0.019966,-0.019894,101.219238,21008924418.0
2019-11-22,-0.045294,0.000107,0.007148,-0.092381,-346.172363,34242315785.0
2019-11-21,-0.047901,-0.000451,0.010319,-0.053553,-384.518066,22514243371.0
2019-11-20,-0.021798,-0.000309,0.003789,-0.02384,-178.877442,20764300437.0
2019-11-19,-0.012413,-0.0005,0.011942,-0.025191,-103.140625,21083613816.0
2019-11-18,-0.031323,-0.000466,0.008779,-0.035487,-268.689453,21579470673.0
2019-11-17,0.003183,-0.000151,0.020703,-0.005823,27.214844,18668638897.0
2019-11-16,0.00692,-9.7e-05,0.011776,-0.002122,58.768554,16495389808.0
2019-11-15,-0.024816,-0.000274,0.002616,-0.025637,-216.102539,21796856471.0
2019-11-14,-0.011372,0.000417,0.002121,-0.013137,-100.167968,19084739975.0
2019-11-13,-0.000839,-0.000412,0.002403,-0.006127,-7.399414,17545755405.0
2019-11-12,0.006608,0.000224,0.010959,-0.008262,57.874023,20309769107.0
2019-11-11,-0.032879,0.000154,0.002844,-0.039194,-297.738281,20265510765.0
2019-11-10,0.027451,-0.000124,0.032931,-0.000842,241.944336,20587919881.0
2019-11-09,0.000988,0.000521,0.009874,-0.001331,8.701172,17578630606.0
2019-11-08,-0.049925,-0.000237,0.000561,-0.053091,-462.680664,24333037836.0
2019-11-07,-0.009969,-0.000907,0.000812,-0.016935,-93.31836,22700383839.0
2019-11-06,0.001964,-0.000178,0.008639,-0.00392,18.352539,23133895765.0
2019-11-05,-0.007446,4.2e-05,0.00476,-0.01654,-70.084961,26198609048.0
2019-11-04,0.019193,2.7e-05,0.029203,-0.00475,177.257813,26170255634.0
2019-11-03,-0.009583,7e-06,0.005908,-0.019675,-89.363281,21132220847.0
2019-11-02,0.006869,-0.000143,0.012567,-0.001244,63.613281,21242676385.0
2019-11-01,0.006687,-0.000608,0.008269,-0.007341,61.519531,24324691031.0
2019-10-31,-0.000667,-0.000355,0.019274,-0.019228,-6.141602,26583653947.0
2019-10-30,-0.023544,-0.000554,-8.6e-05,-0.03631,-221.960937,27706531577.0
2019-10-29,0.018532,-0.000833,0.028093,-0.002539,171.539062,28426779937.0
2019-10-28,-0.030944,0.001401,0.02653,-0.030944,-295.566406,30948255332.0
2019-10-27,0.033179,-0.000353,0.054576,-0.014325,306.742188,32593129501.0
2019-10-26,0.067462,0.000794,0.157152,0.000222,584.272461,44496255609.0
2019-10-25,0.155763,-0.000372,0.159879,-0.001802,1167.211425,28705065488.0
2019-10-24,-0.002819,-0.000658,0.002421,-0.009007,-21.183105,16268708849.0
2019-10-23,-0.069759,-0.000244,0.001832,-0.075373,-563.53125,21942878958.0
2019-10-22,-0.020078,-3.9e-05,0.006421,-0.020532,-165.517578,16803377857.0
2019-10-21,0.002632,0.000369,0.009075,-0.003121,21.642578,15868748866.0
2019-10-20,0.029231,0.001157,0.03671,-0.004897,233.517578,15504249442.0
2019-10-19,0.001926,7.5e-05,0.013724,-0.003566,15.353027,13797825640.0
2019-10-18,-0.016128,-0.000367,0.004258,-0.024895,-130.703613,15651592610.0
2019-10-17,0.007006,3.5e-05,0.010849,-0.005789,56.384278,14313052244.0
2019-10-16,-0.019236,-8.5e-05,0.001395,-0.026846,-157.842286,16071646996.0
2019-10-15,-0.020218,-0.000147,0.004302,-0.022924,-169.317382,15220412632.0
2019-10-14,0.006451,-2.1e-05,0.008317,-0.004432,53.680664,15151387859.0
2019-10-13,-0.001865,4.2e-05,0.016126,-0.00719,-15.549805,13808286059.0
2019-10-12,0.001778,-0.000732,0.011234,-0.001011,14.798828,14532641605.0
2019-10-11,-0.03083,-0.000141,0.015758,-0.031479,-264.716797,19604381101.0
2019-10-10,-0.001078,-0.001217,0.003436,-0.014403,-9.266601,17618660671.0
2019-10-09,0.044594,0.000129,0.048479,-0.007229,366.957031,19384942333.0
2019-10-08,-0.002042,0.000149,0.010562,-0.00726,-16.839844,15592264032.0
2019-10-07,0.032231,0.000121,0.040096,-0.010314,257.467285,18009742607.0
2019-10-06,-0.020039,-0.000199,0.001216,-0.023634,-163.344726,13160830305.0
2019-10-05,-0.006634,0.000513,0.001168,-0.016429,-54.438965,12200497197.0
2019-10-04,-0.006544,-6e-05,8e-06,-0.013167,-54.052735,13139456229.0
2019-10-03,-0.015852,-0.00027,0.002524,-0.029382,-133.049804,13668823409.0
2019-10-02,0.005965,0.000112,0.005965,-0.013853,49.765625,13125712443.0
2019-10-01,0.005957,0.000706,0.024575,-0.007378,49.408203,15305343413.0
2019-09-30,0.023406,5e-06,0.025918,-0.033739,189.682617,17115474183.0
2019-09-29,-0.017188,1.5e-05,0.001915,-0.030975,-141.729492,13034629109.0
2019-09-28,-0.000719,-6.9e-05,0.004093,-0.015319,-5.930664,14141152736.0
2019-09-27,0.016366,-0.000723,0.01879,-0.01885,132.87793,16408941156.0
2019-09-26,-0.043363,8e-05,0.003381,-0.069679,-368.025391,19258205289.0
2019-09-25,-0.015495,-0.001988,0.014415,-0.03424,-133.573242,21744728353.0
2019-09-24,-0.11396,-0.0,0.007708,-0.139632,-1108.757813,25002886689.0
2019-09-23,-0.033868,-0.000241,0.000382,-0.034085,-341.068359,15144925408.0
2019-09-22,0.005058,0.000439,0.005462,-0.009699,50.675781,13199651698.0
2019-09-21,-0.015904,0.000197,0.000634,-0.017771,-161.924805,13425266806.0
2019-09-20,-0.008257,-9e-06,0.001895,-0.013075,-84.773437,14734189639.0
2019-09-19,0.006684,0.00022,0.009553,-0.033982,68.166992,19937691247.0
2019-09-18,-0.004201,0.000637,0.003384,-0.004863,-43.024414,16169268880.0
2019-09-17,-0.003456,0.000459,0.001944,-0.007498,-35.521484,15304603363.0
2019-09-16,-0.006854,-4.7e-05,0.003784,-0.015266,-70.918946,15160167779.0
2019-09-15,-0.000998,-0.000153,0.002798,-0.00434,-10.335937,12043433567.0
2019-09-14,-0.000241,-0.001462,0.005944,-0.006646,-2.498047,13468713124.0
2019-09-13,-0.004763,0.000503,0.003013,-0.01763,-49.580078,14109864675.0
2019-09-12,0.022769,-0.000153,0.025926,-0.007774,231.754883,15323563925.0
2019-09-11,0.006168,0.000698,0.009883,-0.013365,62.396484,15428063426.0
2019-09-10,-0.02119,0.000139,0.005745,-0.030421,-218.999023,14906809639.0
2019-09-09,-0.010181,0.000187,0.000865,-0.028382,-106.301758,17595943368.0
2019-09-08,-0.007224,8.2e-05,0.007453,-0.010284,-75.978516,13670567493.0
2019-09-07,0.015836,6.1e-05,0.019836,-0.000423,163.952149,15307366476.0
2019-09-06,-0.021014,0.000252,0.030564,-0.026782,-222.230469,19536574783.0
2019-09-05,-0.00179,-0.000596,0.003094,-0.007369,-18.959961,14551239508.0
2019-09-04,-0.002734,-0.000222,0.013094,-0.017775,-29.046875,16742664769.0
2019-09-03,0.02675,-0.0001,0.03763,-0.003693,276.779297,19384917989.0
2019-09-02,0.060339,-5.1e-05,0.065446,-0.0028,588.790039,17248102294.0
2019-09-01,0.013219,-7e-06,0.017246,-0.004955,127.30664,11445355859.0
2019-08-31,0.003385,-6.6e-05,0.007819,-0.006915,32.490235,11454806419.0
2019-08-30,0.00925,0.000488,0.015344,-0.008612,87.973633,13595263986.0
2019-08-29,-0.025037,0.000242,0.000242,-0.034117,-244.222657,17045878501.0
2019-08-28,-0.042323,0.00176,0.009216,-0.046031,-431.077148,17603790323.0
2019-08-27,-0.017869,0.000193,0.001013,-0.027338,-185.320313,14762609503.0
2019-08-26,0.022913,-0.001205,0.03687,-0.001205,232.302735,18438654080.0
2019-08-25,-0.002111,7.6e-05,0.014238,-0.014879,-21.44336,14153856610.0
2019-08-24,-0.023828,-3.1e-05,0.000966,-0.040898,-248.003906,15451030650.0
2019-08-23,0.027333,0.000519,0.030736,-0.005218,276.90918,15627023886.0
2019-08-22,-0.00069,0.000441,0.009365,-0.030241,-6.994141,17097508856.0
2019-08-21,-0.058085,0.000124,0.003298,-0.074375,-625.182617,19473084768.0
2019-08-20,-0.014,2.7e-05,0.002839,-0.027216,-152.821289,15053082175.0
2019-08-19,0.055118,0.000432,0.055118,-0.003152,570.243164,16038264603.0
2019-08-18,0.011148,0.000123,0.024954,-0.01101,114.066406,12999813869.0
2019-08-17,-0.013745,-0.001505,0.007546,-0.027726,-142.594726,13778035685.0
2019-08-16,0.00609,0.000764,0.020637,-0.044229,62.792969,20228207096.0
2019-08-15,0.025851,-0.001321,0.038372,-0.037445,259.841796,22899115082.0
2019-08-14,-0.077472,-0.000582,-0.000576,-0.079635,-844.125976,19990838300.0
2019-08-13,-0.042766,0.000214,0.003289,-0.04852,-486.786133,16681503537.0
2019-08-12,-0.012233,0.0004,0.0004,-0.017584,-140.962891,13647198229.0
2019-08-11,0.014933,-0.000377,0.014933,-0.009312,169.554688,15774371518.0
2019-08-10,-0.042899,-0.000116,0.004444,-0.045439,-508.912109,18125355447.0
2019-08-09,-0.008647,-0.001081,0.000339,-0.021449,-103.470704,18339989960.0
2019-08-08,0.002046,0.001011,0.003136,-0.032306,24.438477,19481591730.0
2019-08-07,0.040407,-0.000172,0.048686,-0.003874,463.799805,22194988641.0
2019-08-06,-0.02774,0.000499,0.039656,-0.043617,-327.484375,23635107660.0
2019-08-05,0.076158,-0.000861,0.084311,-0.000861,835.46875,23875988832.0
2019-08-04,0.013719,-9e-06,0.017324,-0.018615,148.458007,16530894787.0
2019-08-03,0.02886,0.000105,0.040749,-0.001395,303.551758,15352685061.0
2019-08-02,0.011395,0.000228,0.024836,-0.002755,118.50586,17489094082.0
2019-08-01,0.031137,-0.000812,0.035822,-0.016222,314.041015,17165337858.0
2019-07-31,0.049774,-0.000351,0.049774,-0.000971,478.204102,16631520648.0
2019-07-30,0.009274,0.000334,0.019184,-0.008594,88.27832,13829811132.0
2019-07-29,-0.003529,-0.00049,0.013482,-0.008365,-33.714844,13791445323.0
2019-07-28,0.007933,0.001472,0.010326,-0.02378,75.182618,13738687093.0
2019-07-27,-0.039779,8.7e-05,0.030092,-0.046481,-392.625977,16817809536.0
2019-07-26,-0.004191,0.00013,0.000472,-0.019558,-41.538086,14495714483.0
2019-07-25,0.010183,-0.000288,0.034889,-0.00387,99.916016,15821952090.0
2019-07-24,-0.008973,-0.001317,0.000811,-0.028933,-88.841797,17398734322.0
2019-07-23,-0.042767,0.000352,0.000352,-0.044427,-442.338867,17851916995.0
2019-07-22,-0.024153,-0.000204,0.004971,-0.041908,-255.999024,16334414913.0
2019-07-21,-0.015606,0.000965,0.006942,-0.035064,-168.034179,17130580467.0
2019-07-20,0.022449,-0.000467,0.049183,-0.007545,236.407226,20206615155.0
2019-07-19,-0.012727,-0.001174,0.004734,-0.040956,-135.75,20727426310.0
2019-07-18,0.10034,0.000485,0.107599,-0.032702,972.679688,25187024648.0
2019-07-17,0.022807,-0.000678,0.051225,-0.033184,216.161132,24569921549.0
2019-07-16,-0.1301,0.000144,0.00932,-0.132811,-1417.448242,24151199070.0
2019-07-15,0.062308,0.000174,0.077682,-0.025746,639.03125,25384047207.0
2019-07-14,-0.099744,-0.000997,0.005164,-0.10163,-1136.320312,22486000001.0
2019-07-13,-0.03585,-0.000242,0.002198,-0.076803,-423.607422,21042616384.0
2019-07-12,0.040262,-0.000384,0.048142,-0.015804,457.324219,23534692797.0
2019-07-11,-0.065632,-0.001382,-0.000978,-0.082062,-797.850586,28595327690.0
2019-07-10,-0.033188,-0.000181,0.044196,-0.068622,-417.299805,33627574244.0
2019-07-09,0.02343,-0.000133,0.040141,-0.004289,287.854492,28167921523.0
2019-07-08,0.07293,-0.000371,0.078159,-0.005019,835.111328,23482551458.0
2019-07-07,0.021617,0.000809,0.029716,-0.00533,242.295899,19369044277.0
2019-07-06,0.020958,0.000372,0.058524,0.000372,230.09082,21092024306.0
2019-07-05,-0.02113,-0.0011,0.016069,-0.030358,-236.977539,23838480210.0
2019-07-04,-0.062354,0.000957,0.003746,-0.066439,-745.832031,25920294033.0
2019-07-03,0.107353,0.001526,0.107983,0.001526,1159.591797,30796494294.0
2019-07-02,0.02065,0.000524,0.031092,-0.079868,218.542968,31015895223.0
2019-07-01,-0.021634,-0.00187,0.035988,-0.067286,-234.020507,29378589324.0
2019-06-30,-0.095508,-0.002289,0.018313,-0.097025,-1142.215821,27256473494.0
2019-06-29,-0.036105,-0.000529,-0.000518,-0.072453,-447.960937,29923961128.0
2019-06-28,0.109501,-0.001846,0.112885,-0.023993,1224.52539,35087757766.0
2019-06-27,-0.140857,6.9e-05,0.022657,-0.193941,-1833.424804,39977475223.0
2019-06-26,0.10392,-0.001046,0.170095,-0.002995,1225.314453,45105733173.0
2019-06-25,0.070821,-0.000354,0.070821,-0.000354,779.814453,24879684533.0
2019-06-24,0.014346,-0.00015,0.019394,-0.022564,155.731445,19271652365.0
2019-06-23,0.01436,-0.000467,0.050875,-0.013605,153.679688,20998326502.0
2019-06-22,0.05492,0.003092,0.099836,-0.003699,557.134765,29995204861.0
2019-06-21,0.064804,-0.000219,0.064804,-0.000219,617.396485,20624008643.0
2019-06-20,0.027351,-5e-05,0.034604,-0.004425,253.638672,17846823784.0
2019-06-19,0.021115,-0.000334,0.023989,-0.001252,191.758789,15546809946.0
2019-06-18,-0.025599,0.001622,0.003006,-0.033845,-238.589844,15848210536.0
2019-06-17,0.036229,-0.000619,0.046909,-0.000619,325.864258,15562951919.0
2019-06-16,0.017663,0.000347,0.056288,-0.002695,156.113281,23348550311.0
2019-06-15,0.016626,-0.00047,0.019013,-0.008677,144.541992,18371033226.0
2019-06-14,0.05624,-3e-06,0.058282,-0.005775,462.90918,19831162906.0
2019-06-13,0.010443,-3.8e-05,0.020343,-0.007218,85.066406,18669407147.0
2019-06-12,0.027517,-0.000288,0.033923,-0.008244,218.143067,19034432883.0
2019-06-11,-0.009077,0.000489,0.003258,-0.02844,-72.615235,17107279932.0
2019-06-10,0.040615,0.000547,0.044723,-0.013182,312.252442,18689275117.0
2019-06-09,-0.033448,-0.00056,0.002747,-0.046631,-266.050782,16610726547.0
2019-06-08,-0.011167,-0.000892,0.004095,-0.025652,-89.823242,16522722810.0
2019-06-07,0.028372,0.000624,0.038881,-0.004302,221.927734,19141423231.0
2019-06-06,-0.000282,-0.000588,0.014456,-0.032305,-2.208007,19474611077.0
2019-06-05,0.015109,-0.000445,0.02518,-0.005073,116.460449,21760923463.0
2019-06-04,-0.061058,0.000242,0.000242,-0.078512,-501.224121,24609731549.0
2019-06-03,-0.061073,-0.000139,6.2e-05,-0.061624,-533.962891,22004511436.0
2019-06-02,0.020895,0.00017,0.028642,-0.000325,178.941406,20266216022.0
2019-06-01,-0.001223,-7.7e-05,0.005959,-0.010837,-10.485351,22488303544.0
2019-05-31,0.030655,9.8e-05,0.032116,-0.01766,255.029297,25365190957.0
2019-05-30,-0.039265,0.000263,0.040283,-0.050605,-340.014649,29246528551.0
2019-05-29,-0.006935,-0.000157,0.004116,-0.027206,-60.474609,23473479966.0
2019-05-28,-0.009745,-0.000343,0.000141,-0.019425,-85.816406,24226919267.0
2019-05-27,0.015284,9.9e-05,0.026975,-0.00052,132.5625,27949839564.0
2019-05-26,0.077078,0.000331,0.078854,-0.01588,620.671875,26677970091.0
2019-05-25,0.008159,0.000565,0.016345,-0.002679,65.172363,22256813107.0
2019-05-24,0.013388,-1.9e-05,0.032844,-0.007282,105.524902,25919126991.0
2019-05-23,0.026273,-0.000364,0.034339,-0.019123,201.780274,24457107820.0
2019-05-22,-0.035571,-0.000884,0.004305,-0.043617,-283.261231,24719473175.0
2019-05-21,-0.001878,-4.3e-05,0.010511,-0.016917,-14.981445,25127245056.0
2019-05-20,-0.026761,-9.3e-05,0.0004,-0.063299,-219.380371,23843404340.0
2019-05-19,0.127418,-0.000446,0.136254,-0.000446,926.481445,25902422040.0
2019-05-18,-0.009898,-0.000304,0.014077,-0.012581,-72.6875,21354286562.0
2019-05-17,-0.068614,0.000256,0.00561,-0.107393,-541.013672,30066644905.0
2019-05-16,-0.039031,-0.0013,0.014096,-0.057959,-320.258789,33167197581.0
2019-05-15,0.026362,-0.000631,0.02777,-0.011922,210.751953,28344112920.0
2019-05-14,0.022969,-0.0009,0.058068,-0.015166,179.500977,32031452227.0
2019-05-13,0.12084,-0.000171,0.154186,-0.010626,842.543457,28677672181.0
2019-05-12,-0.032256,-0.000175,0.041514,-0.053992,-232.399902,27773333680.0
2019-05-11,0.129478,0.000128,0.149581,-0.000494,825.922363,28867562329.0
2019-05-10,0.033091,0.00021,0.042123,-0.002107,204.320312,19419875368.0
2019-05-09,0.032106,-2.4e-05,0.033528,-2.4e-05,192.071289,16784645411.0
2019-05-08,0.026238,0.003427,0.027529,-0.005967,152.956055,15320605300.0
2019-05-07,0.01439,-0.00021,0.042001,-0.000942,82.694336,18026409033.0
2019-05-06,-0.008438,-0.000693,0.001251,-0.024505,-48.901367,15737171804.0
2019-05-05,-0.006081,-1.7e-05,0.000462,-0.021116,-35.458984,14808830723.0
2019-05-04,0.010901,0.000158,0.020561,-0.021292,62.877929,17567780766.0
2019-05-03,0.047773,4.9e-05,0.0655,-0.00274,263.00586,18720780006.0
2019-05-02,0.018988,-5.1e-05,0.022131,-0.00157,102.586425,14644460907.0
2019-05-01,0.009713,3.5e-05,0.012573,-0.000576,51.970703,13679528236.0
2019-04-30,0.0197,7.1e-05,0.022088,-0.004414,103.374024,13878964574.0
2019-04-29,-0.00715,-5.3e-05,0.004945,-0.01299,-37.786621,13735490672.0
2019-04-28,0.003198,0.000656,0.010998,-0.002393,16.848144,12819992056.0
2019-04-27,-0.002094,2.3e-05,0.005948,-0.008659,-11.057129,13111274675.0
2019-04-26,0.01321,-4e-05,0.033225,-0.006362,68.83252,16812108040.0
2019-04-25,-0.046543,0.000303,0.014158,-0.051882,-254.351074,15330283408.0
2019-04-24,-0.019291,-0.000153,0.012505,-0.027654,-107.495606,17048033399.0
2019-04-23,0.03204,0.0,0.043419,-0.001844,172.997071,15867308108.0
2019-04-22,0.015963,-0.000383,0.020351,-0.006445,84.833984,14601631648.0
2019-04-21,-0.004375,-0.000376,0.004129,-0.01509,-23.35498,13731844223.0
2019-04-20,0.006424,6.6e-05,0.010309,-0.001496,34.07373,13169647522.0
2019-04-19,0.001024,-4.4e-05,0.007228,-0.012277,5.426758,13780238655.0
2019-04-18,0.008844,-8.7e-05,0.012957,-0.000272,46.447754,13256489918.0
2019-04-17,0.003128,0.00011,0.007395,-0.003124,16.378418,12438480677.0
2019-04-16,0.033244,-0.000105,0.033912,-0.002351,168.451172,11618660197.0
2019-04-15,-0.01947,-7.7e-05,0.005589,-0.027798,-100.61377,12290155061.0
2019-04-14,0.013958,-0.000162,0.017155,-0.008441,71.135742,10391952498.0
2019-04-13,0.001385,-0.000135,0.007384,-0.005492,7.047363,10823289598.0
2019-04-12,0.004946,-0.000649,0.007659,-0.02145,25.05127,13675206312.0
2019-04-11,-0.048842,9.9e-05,0.005573,-0.057705,-260.063965,16555616019.0
2019-04-10,0.022977,-0.000164,0.041632,-0.002224,119.593262,15504590933.0
2019-04-09,-0.016033,2.8e-05,2.8e-05,-0.02313,-84.8125,14722104361.0
2019-04-08,0.017479,0.000181,0.02307,-0.009749,90.874023,17154113634.0
2019-04-07,0.027487,0.000588,0.034659,-0.001859,139.07959,16655416140.0
2019-04-06,0.004594,2.2e-05,0.033582,-0.008827,23.136231,16929795194.0
2019-04-05,0.023134,1e-06,0.026552,-0.000672,113.882324,16837325387.0
2019-04-04,-0.010099,-0.000345,0.018125,-0.027393,-50.223145,18251810240.0
2019-04-03,0.019087,1.6e-05,0.087528,-0.000667,93.144043,22899891582.0
2019-04-02,0.17356,-0.000304,0.179831,-0.000689,721.694825,21315047816.0
2019-04-01,0.012856,-1e-05,0.014505,-0.002071,52.778808,10157794171.0
2019-03-31,-0.000306,-0.000293,0.00155,-0.003058,-1.255859,9045122443.0
2019-03-30,0.002022,-0.001522,0.048417,-0.010849,8.285644,9732688060.0
2019-03-29,0.007193,-0.000198,0.01091,-0.008604,29.267334,10918665557.0
2019-03-28,-0.004394,0.000127,0.001917,-0.011451,-17.958984,9353915899.0
2019-03-27,0.025592,-0.00021,0.025592,-0.001824,101.985351,10897131934.0
2019-03-26,0.005554,0.001554,0.005554,-0.004622,22.010254,10707678815.0
2019-03-25,-0.014693,0.000483,0.004145,-0.021913,-59.097656,10359818883.0
2019-03-24,-0.003384,-0.000164,0.001208,-0.007343,-13.658203,9144851065.0
2019-03-23,0.002947,-0.000312,0.00644,-0.001989,11.858154,9578850549.0
2019-03-22,-0.00133,-0.000202,0.0061,-0.001932,-5.358642,9252935969.0
2019-03-21,-0.014226,-0.000862,0.002418,-0.020141,-58.149414,10831212662.0
2019-03-20,0.004,-9.7e-05,0.004488,-0.009845,16.286132,10175916388.0
2019-03-19,0.009593,4.6e-05,0.012327,-0.002156,38.682862,9344919956.0
2019-03-18,0.001808,0.001177,0.011509,-0.004003,7.27832,9646954186.0
2019-03-17,-0.005804,-0.000249,0.001333,-0.010451,-23.496826,8221625400.0
2019-03-16,0.02217,0.000755,0.029318,0.000188,87.814697,9856166973.0
2019-03-15,0.009312,0.000585,0.011256,-0.002638,36.541992,9394210605.0
2019-03-14,0.004518,-0.000292,0.010184,-0.001387,17.651856,10480789570.0
2019-03-13,-0.000624,0.000995,0.004462,-0.004413,-2.438965,9469184841.0
2019-03-12,0.001006,-0.000376,0.005547,-0.01067,3.928955,9809887079.0
2019-03-11,-0.011735,0.000542,0.003742,-0.015781,-46.372559,10125901903.0
2019-03-10,-0.002956,0.000722,0.000722,-0.009823,-11.713867,9713267607.0
2019-03-09,0.01594,-0.001686,0.022072,-0.002241,62.182129,10796103518.0
2019-03-08,-0.002647,0.000445,0.009957,-0.009269,-10.352783,10638638944.0
2019-03-07,0.001932,-0.000143,0.009076,-0.002518,7.541748,9584165519.0
2019-03-06,0.001942,0.000181,0.005938,-0.006394,7.567627,9175291529.0
2019-03-05,0.035841,-0.000458,0.037846,-0.004353,134.817871,10174126415.0
2019-03-04,-0.022255,-0.000542,0.005252,-0.029483,-85.618652,9029175788.0
2019-03-03,-0.004461,-0.000556,0.002864,-0.007119,-17.239258,7253558152.0
2019-03-02,0.001252,-0.001105,0.003893,-0.007114,4.831299,7578786076.0
2019-03-01,0.001245,-0.000267,0.013752,-0.000802,4.79834,7661247975.0
2019-02-28,0.000971,-0.000723,0.014285,-0.001357,3.738037,8399767798.0
2019-02-27,-0.000859,0.00081,0.008937,-0.017461,-3.310547,8301309684.0
2019-02-26,-0.007299,-0.00103,0.002288,-0.011515,-28.338379,7931218996.0
2019-02-25,0.018966,-0.000899,0.027105,-0.000899,72.268799,9318796067.0
2019-02-24,-0.080168,0.000708,0.016443,-0.084204,-332.099365,10794227451.0
2019-02-23,0.034203,-0.00165,0.040134,-0.009187,137.000244,8922258316.0
2019-02-22,0.013001,-0.000433,0.013257,-0.000835,51.408447,7826525254.0
2019-02-21,-0.011426,0.000109,0.002547,-0.014929,-45.702393,7775128102.0
2019-02-20,0.013358,-0.000104,0.013527,-0.005282,52.726075,8693373948.0
2019-02-19,0.008014,-0.001035,0.024303,-0.001931,31.380127,9933626655.0
2019-02-18,0.065838,-0.000671,0.071541,-0.001049,241.878173,9908216640.0
2019-02-17,0.012135,0.000984,0.013981,-0.002922,44.048584,7039512503.0
2019-02-16,0.002479,-0.00153,0.008846,-0.00153,8.976807,5934744052.0
2019-02-15,0.001087,0.000135,0.008547,-0.002398,3.929932,6091952231.0
2019-02-14,-0.004182,-0.000248,0.003906,-0.00671,-15.189698,6271044418.0
2019-02-13,-0.005873,2.1e-05,0.004439,-0.009931,-21.458007,6438903823.0
2019-02-12,0.001397,-0.001556,0.005525,-0.008188,5.0979,6480384532.0
2019-02-11,-0.011316,0.00147,0.00147,-0.01298,-41.757568,6277056434.0
2019-02-10,0.005171,0.000544,0.006492,-0.008233,18.984619,6282256903.0
2019-02-09,0.001206,0.001311,0.003589,-0.005515,4.42334,6158833645.0
2019-02-08,0.078632,0.00056,0.087114,-0.002485,267.308593,7735623101.0
2019-02-07,-0.004188,0.00034,0.004153,-0.005727,-14.296142,5004962683.0
2019-02-06,-0.015171,0.000789,0.000789,-0.019557,-52.5896,5482196038.0
2019-02-05,0.002082,-0.001215,0.005491,-0.002086,7.203369,5227549545.0
2019-02-04,-0.001403,0.000923,0.003525,-0.006185,-4.859375,5332718886.0
2019-02-03,-0.016202,-0.001398,9.3e-05,-0.020771,-57.047363,5043937584.0
2019-02-02,0.009494,-0.000952,0.010133,-0.00584,33.115478,5071623601.0
2019-02-01,0.00872,0.000797,0.012772,-0.007577,30.152588,5422926707.0
2019-01-31,-0.008143,-0.000222,0.005342,-0.010976,-28.388916,5831198271.0
2019-01-30,0.011039,-0.001224,0.013647,-0.005432,38.064698,5955112627.0
2019-01-29,-0.006435,-0.000455,0.001618,-0.020064,-22.333496,5897159493.0
2019-01-28,-0.031673,8.9e-05,0.000777,-0.040383,-113.515381,6908930483.0
2019-01-27,-0.005134,0.000618,0.002834,-0.009775,-18.494629,5570752966.0
2019-01-26,0.000749,-1.4e-05,0.015325,-0.001783,2.69458,5098183235.0
2019-01-25,-0.000305,0.001812,0.00335,-0.007017,-1.09961,5265847539.0
2019-01-24,0.004391,-0.000174,0.008637,-0.004471,15.742432,5262869046.0
2019-01-23,-0.005397,0.000272,0.00513,-0.010893,-19.454101,5433755649.0
2019-01-22,0.007982,-0.000266,0.012504,-0.010154,28.544677,5313623556.0
2019-01-21,-0.006937,-0.000178,0.002174,-0.011796,-24.981201,5004347059.0
2019-01-20,-0.03421,-0.000837,0.003975,-0.039036,-127.554687,5582489560.0
2019-01-19,0.019336,-0.001493,0.027528,-0.001493,70.729004,5955691380.0
2019-01-18,-0.005634,-0.000156,0.001075,-0.011277,-20.72461,5002961727.0
2019-01-17,0.006445,-0.000858,0.006875,-0.009041,23.557129,5464420383.0
2019-01-16,0.006702,0.00023,0.015177,-0.001653,24.331543,5394457145.0
2019-01-15,-0.020339,-0.000495,0.003805,-0.023233,-75.376953,5537192302.0
2019-01-14,0.043091,0.001227,0.049222,-0.000188,153.099121,5651384490.0
2019-01-13,-0.029593,-0.000664,0.003676,-0.031785,-108.3479,4681302466.0
2019-01-12,-0.007069,-0.000106,0.003149,-0.0091,-26.064454,4778170883.0
2019-01-11,0.002294,-0.001334,0.009502,-0.007028,8.440918,5538712865.0
2019-01-10,-0.088314,-0.000219,0.00713,-0.093208,-356.371826,6874143796.0
2019-01-09,0.001104,0.000175,0.009317,-0.002031,4.448487,5115905225.0
2019-01-08,0.001391,0.000801,0.020812,-0.007029,5.599609,5306593305.0
2019-01-07,-0.012605,0.000479,0.00392,-0.013673,-51.384277,5228625637.0
2019-01-06,0.060189,-0.002256,0.064523,-0.004858,231.437988,5597027440.0
2019-01-05,-0.003246,-0.001489,0.012231,-0.005396,-12.522949,5137609824.0
2019-01-04,0.005467,-0.001225,0.007609,-0.013784,20.976318,4847965467.0
2019-01-03,-0.02705,-0.003135,-0.001959,-0.029717,-106.668213,4530215219.0
2019-01-02,0.025989,0.001482,0.027179,-0.006793,99.889404,5244856836.0
2019-01-01,0.026938,0.001072,0.028913,-0.009477,100.819581,4324200990.0
2018-12-31,-0.031881,0.000229,0.000722,-0.036236,-123.252198,4661840806.0
2018-12-30,0.011921,0.000517,0.021333,-0.00607,45.543946,4770578575.0
2018-12-29,-0.026379,0.002185,0.010153,-0.026379,-103.51001,4991655917.0
2018-12-28,0.073624,-0.000466,0.082439,-0.003338,269.085205,5631554348.0
2018-12-27,-0.052489,-0.000676,0.004438,-0.054922,-202.464111,5130222366.0
2018-12-26,0.010957,0.001094,0.020409,-0.011958,41.806884,5326547918.0
2018-12-25,-0.06451,0.000596,0.002688,-0.07811,-263.108398,6158207293.0
2018-12-24,0.01991,0.000338,0.06822,0.000338,79.618896,7240968501.0
2018-12-23,-0.003787,0.001697,0.017822,-0.009411,-15.202392,6151275490.0
2018-12-22,0.030191,0.000395,0.030191,-0.010472,117.638916,5605823233.0
2018-12-21,-0.05754,-0.000178,0.015477,-0.068569,-237.897705,7206015706.0
2018-12-20,0.10371,-0.001003,0.118869,-0.004532,388.490722,8927129279.0
2018-12-19,0.013499,0.002913,0.068523,-0.002389,49.891602,6810689119.0
2018-12-18,0.042358,-0.000311,0.04385,-0.016553,150.194336,5911325473.0
2018-12-17,0.090083,8.7e-05,0.106085,8.7e-05,293.025635,5409247918.0
2018-12-16,0.004967,-0.00015,0.021315,-0.000909,16.077392,3744248994.0
2018-12-15,-0.001765,0.000467,0.010144,-0.015785,-5.723144,3551763561.0
2018-12-14,-0.021484,-0.000581,0.004792,-0.032331,-71.192383,4372763663.0
2018-12-13,-0.049692,0.000266,0.0008,-0.05415,-173.272949,4343372456.0
2018-12-12,0.01821,-0.000914,0.032016,-0.003243,62.36206,4139364829.0
2018-12-11,-0.022288,-0.001456,0.003006,-0.031521,-78.067871,4696765188.0
2018-12-10,-0.030872,-0.000605,0.009158,-0.039867,-111.578369,5020968740.0
2018-12-09,0.039734,-0.000831,0.06018,-0.00202,138.119629,4947372847.0
2018-12-08,0.016426,0.000577,0.025178,-0.02026,56.17749,5305024497.0
2018-12-07,-0.028731,-0.002417,-0.002417,-0.068408,-101.164551,6835615448.0
2018-12-06,-0.062039,2.1e-05,0.032225,-0.062039,-232.893066,5878333109.0
2018-12-05,-0.051277,0.000506,0.003195,-0.051277,-202.898926,5302481574.0
2018-12-04,0.016117,-0.002012,0.046608,-0.015762,62.76294,5028069239.0
2018-12-03,-0.059361,0.001799,0.003889,-0.072329,-245.747071,5089570994.0
2018-12-02,-0.017746,-0.003307,0.020606,-0.024603,-74.793945,5262697895.0
2018-12-01,0.049139,0.001791,0.072713,-0.011838,197.40332,5375314093.0
2018-11-30,-0.061133,0.002394,0.010313,-0.078532,-261.578125,6048016717.0
2018-11-29,0.005033,0.002721,0.036548,-0.026226,21.426758,6503347767.0
2018-11-28,0.114298,0.000458,0.147925,0.000458,436.699951,7280280000.0
2018-11-27,0.011005,-0.003488,0.022182,-0.031256,41.590088,5998720000.0
2018-11-26,-0.057567,0.001272,0.024232,-0.091285,-230.840088,6476900000.0
2018-11-25,0.033295,5e-06,0.061872,-0.076196,129.209961,6825640000.0
2018-11-24,-0.107278,0.000133,0.015178,-0.126969,-466.349853,4679500000.0
2018-11-23,-0.004313,-0.0012,0.006981,-0.038997,-18.830078,4871490000.0
2018-11-22,-0.05133,0.002042,0.005969,-0.051395,-236.229981,4569370000.0
2018-11-21,0.033761,0.003071,0.050284,-0.024235,150.299805,6120120000.0
2018-11-20,-0.086138,-0.001552,0.016447,-0.123038,-419.620117,8428290000.0
2018-11-19,-0.133732,-0.000491,-0.000491,-0.138815,-752.049805,7039560000.0
2018-11-18,0.012461,0.000974,0.017874,0.000974,69.209961,4159680000.0
2018-11-17,-0.003806,0.000543,0.000543,-0.010042,-21.219727,4303150000.0
2018-11-16,-0.012833,-0.00048,0.001592,-0.026397,-72.47998,5279320000.0
2018-11-15,-0.01574,-0.000383,0.006355,-0.066216,-90.320313,7032140000.0
2018-11-14,-0.097671,-0.001297,0.001896,-0.128218,-621.140136,7398940000.0
2018-11-13,-0.001849,0.000301,0.003767,-0.004489,-11.779786,4503800000.0
2018-11-12,-0.006239,7.6e-05,0.003578,-0.007924,-40.0,4295770000.0
2018-11-11,0.00032,0.000688,0.002189,-0.009213,2.049805,3939060000.0
2018-11-10,0.003696,8e-05,0.00809,-4.9e-05,23.600098,3705320000.0
2018-11-09,-0.010552,-0.001723,0.000425,-0.01245,-68.100098,4346820000.0
2018-11-08,-0.011703,-0.001205,0.001038,-0.014029,-76.419922,4665260000.0
2018-11-07,0.0107,0.001159,0.014108,0.00113,69.130371,4941260000.0
2018-11-06,0.006441,0.002137,0.006837,-0.001791,41.34961,4700040000.0
2018-11-05,0.006827,-0.001962,0.016383,-0.001962,43.530273,4174800000.0
2018-11-04,0.002338,0.000662,0.004303,-0.010484,14.870117,4390020000.0
2018-11-03,-0.004255,-0.000188,0.00182,-0.007211,-27.180175,3658640000.0
2018-11-02,0.001671,0.000179,0.002992,-0.007902,10.660156,4234870000.0
2018-11-01,0.009524,8.4e-05,0.036332,-0.000915,60.169922,3789400000.0
2018-10-31,-0.00263,0.000429,0.002351,-0.002745,-16.660157,4191240000.0
2018-10-30,0.000259,0.000696,0.00511,-0.003551,1.640137,3781100000.0
2018-10-29,-0.023705,0.000919,0.002653,-0.027658,-153.760254,4199910000.0
2018-10-28,0.000927,0.000352,0.003379,-0.00501,6.010254,3445190000.0
2018-10-27,0.00087,0.000941,0.005044,-0.003277,5.629883,3393250000.0
2018-10-26,-0.000238,-0.001212,0.003397,-0.00412,-1.540039,3306050000.0
2018-10-25,-0.00301,-0.001723,0.001356,-0.007514,-19.549805,3230550000.0
2018-10-24,0.003104,0.000486,0.007142,-0.001062,20.09961,3424670000.0
2018-10-23,-0.00176,-0.002281,0.002906,-0.005532,-11.419922,3716150000.0
2018-10-22,0.000742,0.000571,0.00948,-0.002988,4.810058,3672860000.0
2018-10-21,-0.001054,0.000139,0.010354,-0.002033,-6.839843,3253610000.0
2018-10-20,0.003678,-0.000695,0.004997,-0.002538,23.779785,3379130000.0
2018-10-19,-0.001745,0.00021,0.00262,-0.004848,-11.299805,3578870000.0
2018-10-18,-0.010348,-0.000321,0.003531,-0.014423,-67.720215,3924080000.0
2018-10-17,-0.007835,-0.000847,0.000773,-0.011925,-51.679687,4088420000.0
2018-10-16,-6.5e-05,0.000738,0.01168,-0.003816,-0.430176,4074800000.0
2018-10-15,0.048579,0.000272,0.107159,-0.005126,305.609863,7370770000.0
2018-10-14,0.000786,0.000398,0.012284,-0.000929,4.939942,3085320000.0
2018-10-13,0.001818,0.000558,0.005407,-0.002354,11.410156,3064030000.0
2018-10-12,0.002931,-0.002716,0.01155,-0.00316,18.339844,3783500000.0
2018-10-11,-0.050002,0.000184,0.000184,-0.0519,-329.289551,5181640000.0
2018-10-10,-0.008598,-0.000354,-0.000354,-0.015608,-57.110352,3787650000.0
2018-10-09,-0.001442,0.000128,0.00138,-0.006808,-9.589843,3580810000.0
2018-10-08,0.007463,-0.000418,0.010921,-0.004075,49.279785,3979460000.0
2018-10-07,0.002222,0.00036,0.008072,-0.004746,14.640136,3306630000.0
2018-10-06,-0.00516,-4e-06,0.000915,-0.006747,-34.169921,3259740000.0
2018-10-05,0.006962,-0.000386,0.007136,-0.002932,45.790039,3671500000.0
2018-10-04,0.011395,-0.00072,0.015489,-0.00072,74.100097,3838410000.0
2018-10-03,-0.008162,-0.000342,0.002343,-0.015569,-53.510254,3887310000.0
2018-10-02,-0.005087,0.000549,0.003372,-0.007849,-33.520019,3979260000.0
2018-10-01,-0.005424,-0.000862,0.004187,-0.011543,-35.939942,4000970000.0
2018-09-30,0.003575,0.000417,0.006334,-0.005365,23.600098,4002280000.0
2018-09-29,-0.006347,-0.000155,-0.000155,-0.019939,-42.169922,4363690000.0
2018-09-28,-0.004886,0.0003,0.016217,-0.011747,-32.620117,5014430000.0
2018-09-27,0.027983,4.5e-05,0.033426,-0.004627,181.75,4606810000.0
2018-09-26,0.007528,0.00098,0.02163,-0.007536,48.529785,4437300000.0
2018-09-25,-0.022582,0.001248,0.001248,-0.032379,-148.939941,4726180000.0
2018-09-24,-0.01717,-0.000873,0.000437,-0.019332,-115.219727,4177310000.0
2018-09-23,-0.001689,-0.000991,0.006571,-0.006331,-11.350097,4197500000.0
2018-09-22,-0.001926,1.5e-05,0.01182,-0.017543,-12.970215,4509660000.0
2018-09-21,0.03302,-0.00089,0.042128,-0.003575,215.280273,6531940000.0
2018-09-20,0.018931,4.8e-05,0.02043,-0.000405,121.129883,4348110000.0
2018-09-19,0.004275,8.6e-05,0.012111,-0.025577,27.240234,4431340000.0
2018-09-18,0.014344,-4.6e-05,0.016395,-0.002466,90.09961,4180090000.0
2018-09-17,-0.036209,-0.000479,0.003534,-0.039842,-235.979981,3910780000.0
2018-09-16,-0.003977,-0.000996,0.000173,-0.0127,-26.020019,3273730000.0
2018-09-15,0.004682,-0.000508,0.007525,-0.002942,30.490234,3216300000.0
2018-09-14,-0.000706,-0.000292,0.012089,-0.009381,-4.600098,4076220000.0
2018-09-13,0.026057,0.000384,0.028907,0.000384,165.510254,4210910000.0
2018-09-12,0.004841,-0.000663,0.00675,-0.008877,30.59961,4064230000.0
2018-09-11,-0.001343,0.000344,0.010936,-0.010978,-8.5,3849910000.0
2018-09-10,0.004577,0.000113,0.011763,-0.001286,28.840332,3714100000.0
2018-09-09,0.012027,-0.000418,0.035381,-0.003977,74.879883,3671890000.0
2018-09-08,-0.03728,-0.001067,0.010388,-0.04168,-241.089844,3835060000.0
2018-09-07,-0.009511,-3.8e-05,0.004001,-0.020263,-62.100098,4264680000.0
2018-09-06,-0.038814,-0.005548,-0.005548,-0.057135,-263.660156,5523470000.0
2018-09-05,-0.077269,-2.7e-05,0.003636,-0.077269,-568.830078,5800460000.0
2018-09-04,0.013994,0.000405,0.017658,-0.000636,101.600097,4273640000.0
2018-09-03,-0.001741,0.000868,0.006218,-0.008878,-12.660156,4087760000.0
2018-09-02,0.011048,-0.00051,0.015718,-0.008493,79.470215,4329540000.0
2018-09-01,0.02212,0.001027,0.029088,6.7e-05,155.669922,4116050000.0
2018-08-31,0.008505,-0.00061,0.011312,-0.008322,59.350098,4495650000.0
2018-08-30,-0.009781,-0.000483,0.003623,-0.03015,-68.930176,4463250000.0
2018-08-29,-0.006922,-0.000644,0.002398,-0.01768,-49.119629,4145880000.0
2018-08-28,0.030741,0.000935,0.03267,-0.000334,211.639648,4659940000.0
2018-08-27,0.026446,0.000528,0.026446,-0.002617,177.380371,4019000000.0
2018-08-26,-0.00827,-0.001264,0.001709,-0.021061,-55.930175,3295500000.0
2018-08-25,0.006433,-1e-06,0.010368,-0.002827,43.22998,3312600000.0
2018-08-24,0.028322,0.002546,0.028322,-0.005546,185.080078,4097820000.0
2018-08-23,0.024804,-0.000842,0.026633,-0.000842,158.169922,3426180000.0
2018-08-22,-0.017268,-0.000387,0.050554,-0.027532,-112.049805,4668110000.0
2018-08-21,0.028569,-0.001183,0.030489,-0.001631,180.229981,3377180000.0
2018-08-20,-0.030362,-0.000855,0.004742,-0.031992,-197.540039,3665100000.0
2018-08-19,0.012813,-0.000185,0.017781,-0.009684,82.310058,3311170000.0
2018-08-18,-0.023838,0.000426,0.00558,-0.03448,-156.870117,3984520000.0
2018-08-17,0.038818,0.000976,0.039113,-0.001541,245.899903,4992990000.0
2018-08-16,0.004155,-0.002265,0.026152,-0.00509,26.20996,4328420000.0
2018-08-15,0.017551,0.003502,0.062709,0.003502,108.810059,4895450000.0
2018-08-14,-0.015539,-0.001574,-0.001529,-0.051849,-97.859863,5301700000.0
2018-08-13,-0.003973,0.002953,0.033903,-0.015337,-25.120117,4083980000.0
2018-08-12,0.004282,-0.001919,0.018127,-0.009249,26.959961,5665250000.0
2018-08-11,0.017951,0.000175,0.043823,-0.012237,111.020019,4047850000.0
2018-08-10,-0.05839,0.000486,0.003506,-0.067554,-383.520019,4528680000.0
2018-08-09,0.041617,-3.8e-05,0.050736,-0.008996,262.430175,4267040000.0
2018-08-08,-0.066239,-0.000928,-0.000928,-0.078023,-447.320312,5064430000.0
2018-08-07,-0.02858,0.000938,0.028016,-0.029282,-198.679688,4682800000.0
2018-08-06,-0.016507,-0.000784,0.013874,-0.025174,-116.680175,3925900000.0
2018-08-05,0.005066,-0.000252,0.009942,-0.013103,35.629882,3679110000.0
2018-08-04,-0.054011,0.000576,0.008488,-0.060573,-401.540039,4268390000.0
2018-08-03,-0.017544,-0.000662,-0.000662,-0.031518,-132.759765,4627150000.0
2018-08-02,-0.007575,0.001217,0.011523,-0.013308,-57.760254,4214110000.0
2018-08-01,-0.01999,-0.001465,-0.001465,-0.035408,-155.529785,4797620000.0
2018-07-31,-0.048902,8.8e-05,0.000128,-0.05911,-400.040039,5287530000.0
2018-07-30,-0.004621,0.00038,0.002073,-0.03662,-37.979981,5551400000.0
2018-07-29,0.003212,0.001669,0.009779,-0.006222,26.30957,4107190016.0
2018-07-28,0.003324,0.000496,0.007084,-0.006643,27.140625,3988750080.0
2018-07-27,0.026841,-0.000148,0.039122,-0.014063,213.429688,5195879936.0
2018-07-26,-0.028089,-0.000555,0.013316,-0.036996,-229.810059,4899089920.0
2018-07-25,-0.028831,-0.005295,-0.000878,-0.040111,-242.879394,5845400064.0
2018-07-24,0.092485,0.0007,0.092485,-0.000728,713.159668,7277689856.0
2018-07-23,0.039445,-0.00051,0.047585,-0.001266,292.619629,5132480000.0
2018-07-22,-0.000108,-0.000201,0.015993,-0.004781,-0.799805,3695460096.0
2018-07-21,0.00886,-0.000192,0.011356,-0.012472,65.160156,3726609920.0
2018-07-20,-0.015097,7.2e-05,0.017117,-0.019232,-112.72998,4936869888.0
2018-07-19,0.013035,0.001007,0.01678,-0.010219,96.080078,5111629824.0
2018-07-18,0.006794,-0.000781,0.029224,-0.005542,49.739746,6103410176.0
2018-07-17,0.085926,-0.000312,0.095745,-0.008541,579.290039,5961950208.0
2018-07-16,0.060084,-0.000414,0.060084,-0.000414,382.109863,4725799936.0
2018-07-15,0.013308,-0.000545,0.02029,-0.003125,83.52002,3285459968.0
2018-07-14,0.006103,0.001515,0.009641,-0.004141,38.070312,2923670016.0
2018-07-13,0.001483,0.000999,0.013123,-0.005871,9.239746,3805400064.0
2018-07-12,-0.025943,0.000324,0.000374,-0.040391,-165.899902,3770170112.0
2018-07-11,0.010231,0.00013,0.018169,8.2e-05,64.759766,3644859904.0
2018-07-10,-0.061082,-0.000377,0.003855,-0.062451,-411.799805,4052430080.0
2018-07-09,-0.004743,0.000177,0.009566,-0.007313,-32.129883,3718129920.0
2018-07-08,-0.012112,0.000127,0.004226,-0.015889,-83.050293,3386210048.0
2018-07-07,0.027486,-0.000718,0.028544,-0.014124,183.430176,3961080064.0
2018-07-06,0.005175,-6.8e-05,0.009308,-0.015904,34.359863,4313959936.0
2018-07-05,0.006304,0.000327,0.023037,-0.007715,41.590332,4999240192.0
2018-07-04,0.010408,0.003259,0.037113,-0.012119,67.959961,4176689920.0
2018-07-03,-0.012789,-0.002649,0.008647,-0.025163,-84.590332,4672309760.0
2018-07-02,0.035761,-0.000852,0.046672,-0.012546,228.360352,4396930048.0
2018-07-01,-0.002839,0.001199,0.004505,-0.017912,-18.180176,4788259840.0
2018-06-30,0.029863,-0.000656,0.039755,-0.000656,185.700195,4543860224.0
2018-06-29,0.053335,-0.000899,0.06068,-0.011466,314.859864,3966230016.0
2018-06-28,-0.041203,-0.000645,0.002157,-0.046138,-253.689942,3467800064.0
2018-06-27,0.010414,-0.001521,0.014167,-0.006699,63.459961,3296219904.0
2018-06-26,-0.024885,0.000699,0.006558,-0.024885,-155.510254,3279759872.0
2018-06-25,0.012303,-0.000204,0.024969,-0.008675,75.950196,5500810240.0
2018-06-24,0.001744,0.000292,0.009947,-0.054535,10.75,4566909952.0
2018-06-23,0.012951,0.001054,0.023198,-0.001953,78.790039,3431360000.0
2018-06-22,-0.095999,0.00121,0.002577,-0.107454,-646.050293,5079810048.0
2018-06-21,-0.006908,0.000522,0.005075,-0.009058,-46.809571,3529129984.0
2018-06-20,0.000976,0.000121,0.007625,-0.023347,6.609864,3888640000.0
2018-06-19,0.005215,0.001124,0.013019,-0.003697,35.120117,4057029888.0
2018-06-18,0.036243,0.001662,0.04337,-0.008092,235.549804,4039200000.0
2018-06-17,-0.007769,-0.000707,0.005946,-0.007769,-50.890136,3104019968.0
2018-06-16,0.014494,-0.000175,0.02105,-0.008408,93.580078,3194170112.0
2018-06-15,-0.032773,-0.00019,0.000858,-0.036175,-218.77002,3955389952.0
2018-06-14,0.051253,-0.001126,0.056259,-0.002432,325.450196,5138710016.0
2018-06-13,-0.035316,0.002206,0.00749,-0.04508,-232.459961,5052349952.0
2018-06-12,-0.046991,-0.000159,0.000151,-0.052822,-324.560059,4654380032.0
2018-06-11,0.017816,0.001955,0.018296,-0.011699,120.899902,4745269760.0
2018-06-10,-0.099039,-0.004306,-0.004306,-0.109255,-745.95996,5804839936.0
2018-06-09,-0.012189,0.000997,0.007693,-0.012189,-92.939942,3845220096.0
2018-06-08,-0.006944,0.000899,0.002598,-0.015608,-53.320312,4227579904.0
2018-06-07,0.00317,-0.000413,0.011405,-0.000413,24.260254,4485799936.0
2018-06-06,0.002649,-0.00102,0.006114,-0.017259,20.220214,4692259840.0
2018-06-05,0.015875,-0.001806,0.017135,-0.015633,119.289551,4961739776.0
2018-06-04,-0.026655,0.000295,0.004348,-0.031891,-205.779785,4993169920.0
2018-06-03,0.010048,-0.001486,0.01458,-0.003979,76.799805,4851760128.0
2018-06-02,0.013525,-0.000627,0.020471,-0.00586,102.0,4939299840.0
2018-06-01,0.006309,0.000871,0.014753,-0.011586,47.280273,4921460224.0
2018-05-31,0.011834,-5e-05,0.027325,-0.006128,87.649902,5127130112.0
2018-05-30,-0.008842,-0.000383,0.01354,-0.021276,-66.069824,4922540032.0
2018-05-29,0.047169,-0.000915,0.054713,-0.00635,336.59961,5662660096.0
2018-05-28,-0.031518,0.000419,0.006898,-0.036281,-232.229981,5040600064.0
2018-05-27,0.001678,0.000843,0.003516,-0.011544,12.340332,4056519936.0
2018-05-26,-0.016612,0.000848,0.015377,-0.017516,-124.260254,4051539968.0
2018-05-25,-0.014129,0.000654,0.009463,-0.02566,-107.199707,4867829760.0
2018-05-24,0.003906,0.000437,0.02392,-0.029993,29.52002,6049220096.0
2018-05-23,-0.060181,-0.000584,0.001602,-0.066391,-483.959961,6491120128.0
2018-05-22,-0.044805,0.000105,0.000506,-0.049223,-377.210449,5137010176.0
2018-05-21,-0.011072,0.001067,0.0052,-0.0174,-94.259766,5154990080.0
2018-05-20,0.032262,-2.3e-05,0.038223,-0.005085,266.070312,5191059968.0
2018-05-19,-0.000459,0.000577,0.014676,-0.008195,-3.790039,4712399872.0
2018-05-18,0.019353,-0.000308,0.022213,-0.014763,156.649903,5764190208.0
2018-05-17,-0.032802,0.000146,0.009166,-0.037605,-274.510254,5862530048.0
2018-05-16,-0.016633,-0.000701,-0.000229,-0.039351,-141.549805,6760220160.0
2018-05-15,-0.02368,-0.001331,0.013698,-0.029866,-206.410156,6705710080.0
2018-05-14,-0.00082,-0.001243,0.018017,-0.040804,-7.150391,7364149760.0
2018-05-13,0.025756,0.001246,0.031589,-0.012907,219.050782,5866379776.0
2018-05-12,0.00751,-6e-06,0.026461,-0.025824,63.399414,6821380096.0
2018-05-11,-0.066614,0.000997,0.000997,-0.071814,-602.450196,8488520192.0
2018-05-10,-0.030159,8.4e-05,0.007599,-0.030526,-281.239258,6906699776.0
2018-05-09,0.009785,-0.001201,0.015153,-0.022004,90.359375,7226890240.0
2018-05-08,-0.014743,0.000839,0.009574,-0.026165,-138.189453,7415869952.0
2018-05-07,-0.029187,-0.000946,0.001144,-0.04384,-281.790039,7394019840.0
2018-05-06,-0.020628,-0.001303,0.008317,-0.039855,-203.350586,7222280192.0
2018-05-05,0.016225,-4.9e-05,0.027188,-0.000581,157.390625,7651939840.0
2018-05-04,-0.004423,-0.004963,0.003627,-0.016205,-43.100586,8217829888.0
2018-05-03,0.054996,-0.000211,0.060894,-0.005172,507.94043,10207299584.0
2018-05-02,0.01282,-0.00158,0.015079,-0.011391,116.910156,7558159872.0
2018-05-01,-0.013153,0.001182,0.001659,-0.037822,-121.540039,7713019904.0
2018-04-30,-0.018954,0.000746,0.006164,-0.026783,-178.530273,8673920000.0
2018-04-29,0.007552,-0.000221,0.019576,-0.016556,70.599609,8853000192.0
2018-04-28,0.040217,-0.005317,0.047295,-0.006127,361.430664,7805479936.0
2018-04-27,-0.031725,0.000983,0.010123,-0.031725,-294.459961,7566289920.0
2018-04-26,0.049263,0.00244,0.049263,-0.013413,435.769532,8970559488.0
2018-04-25,-0.087833,0.000364,0.004931,-0.092566,-851.759766,11083100160.0
2018-04-24,0.085839,0.000387,0.089771,-0.000341,766.620117,10678800384.0
2018-04-23,0.014589,-0.000917,0.017733,-0.001551,128.419922,6925190144.0
2018-04-22,-0.010468,0.003314,0.011923,-0.013037,-93.120117,6629899776.0
2018-04-21,0.005624,0.000335,0.017154,-0.021895,49.75,7548550144.0
2018-04-20,0.066494,-0.000896,0.070641,-0.006,551.520508,8438110208.0
2018-04-19,0.016034,-0.000508,0.01657,-0.003018,130.889648,7063209984.0
2018-04-18,0.033071,0.005358,0.037422,-0.002035,261.330078,6529909760.0
2018-04-17,-0.01943,0.001612,0.028204,-0.021958,-156.580078,6900879872.0
2018-04-16,-0.032469,0.001016,0.005047,-0.04843,-270.44043,5631309824.0
2018-04-15,0.042933,0.001639,0.044098,0.001639,342.870118,5244480000.0
2018-04-14,0.011434,-0.002696,0.030997,-0.006327,90.280273,5191430144.0
2018-04-13,0.000851,0.001501,0.037356,-0.016519,6.709961,7764460032.0
2018-04-12,0.13216,-0.001857,0.133592,-0.023221,920.930176,8906250240.0
2018-04-11,0.019541,0.001274,0.019541,-0.002512,133.560058,4641889792.0
2018-04-10,0.009457,0.00365,0.015018,-0.009834,64.029786,4272750080.0
2018-04-09,-0.035992,0.002961,0.02201,-0.051474,-252.79004,4894060032.0
2018-04-08,0.016268,0.001286,0.029007,0.001286,112.430176,3652499968.0
2018-04-07,0.041404,-0.000875,0.062417,-0.000875,274.77002,3976610048.0
2018-04-06,-0.025714,0.000659,0.006756,-0.034716,-175.150391,3766810112.0
2018-04-05,-0.006182,-0.000757,0.011669,-0.0305,-42.369629,5639320064.0
2018-04-04,-0.080775,4e-05,0.001847,-0.087476,-602.270019,4936000000.0
2018-04-03,0.052558,0.002606,0.063122,-0.001597,372.310058,5499700224.0
2018-04-02,0.035003,9.2e-05,0.042553,-0.00404,239.569825,4333440000.0
2018-04-01,-0.018542,0.004235,0.012536,-0.064051,-129.299805,4532100096.0
2018-03-31,0.012047,0.000284,0.046053,-0.003918,83.009765,4553269760.0
2018-03-30,-0.038402,0.000802,0.015485,-0.067233,-275.180175,6289509888.0
2018-03-29,-0.099162,0.003091,0.00501,-0.109762,-788.779785,6361229824.0
2018-03-28,0.015504,0.000484,0.037004,-0.003047,121.439941,4935289856.0
2018-03-27,-0.045845,-0.001145,0.002848,-0.050201,-376.360352,5378250240.0
2018-03-26,-0.033708,0.000317,0.004037,-0.067604,-286.379882,5921039872.0
2018-03-25,-0.019882,-0.006381,0.001602,-0.025267,-172.339844,4569880064.0
2018-03-24,-0.023819,0.002515,0.013127,-0.024091,-211.5,5664600064.0
2018-03-23,0.017317,0.000891,0.017317,-0.042144,151.15039,5954120192.0
2018-03-22,-0.022489,0.001138,0.019199,-0.040807,-200.810546,5530390016.0
2018-03-21,0.001774,0.002694,0.029607,-0.007532,15.810546,6043129856.0
2018-03-20,0.032769,-0.001272,0.048707,-0.027896,282.819336,6361789952.0
2018-03-19,0.049488,0.014646,0.054986,-0.00502,406.970703,6729110016.0
2018-03-18,0.038753,-0.00333,0.04151,-0.065542,306.799805,6639190016.0
2018-03-17,-0.050546,-0.001972,0.000981,-0.063026,-421.469726,4426149888.0
2018-03-16,0.004516,0.002656,0.034248,-0.035605,37.489257,5289379840.0
2018-03-15,0.003755,0.002533,0.019171,-0.05886,31.050782,6834429952.0
2018-03-14,-0.100604,0.002153,0.01751,-0.122488,-925.040039,6438230016.0
2018-03-13,-0.001116,-0.003485,0.028817,-0.026825,-10.270508,5991139840.0
2018-03-12,-0.038994,0.002537,0.037466,-0.064957,-373.509766,6457399808.0
2018-03-11,0.080378,-0.001491,0.095408,-0.029199,712.629883,6296370176.0
2018-03-10,-0.0505,0.001397,0.020752,-0.05452,-471.549805,5386319872.0
2018-03-09,-0.006116,0.002095,0.007593,-0.093877,-57.459961,8704190464.0
2018-03-08,-0.057253,-0.001418,0.018246,-0.063188,-570.560547,7186089984.0
2018-03-07,-0.075542,0.002226,0.013878,-0.100908,-814.330078,8797910016.0
2018-03-06,-0.068554,-0.006325,-0.006325,-0.075951,-793.399414,6832169984.0
2018-03-05,0.005273,0.00172,0.016634,-0.005967,60.700196,6468539904.0
2018-03-04,0.001993,0.00067,0.001993,-0.030775,22.899414,6084149760.0
2018-03-03,0.036378,0.001398,0.039851,-0.007577,403.299804,6690570240.0
2018-03-02,0.012364,0.002411,0.021733,-0.009214,135.400391,7620590080.0
2018-03-01,0.053193,-0.001241,0.062936,-0.004347,553.099609,7317279744.0
2018-02-28,-0.030553,-0.00358,0.033956,-0.031001,-327.699218,6936189952.0
2018-02-27,0.03462,0.002624,0.04937,-0.011633,358.899414,6966179840.0
2018-02-26,0.072632,0.000486,0.083838,-0.016865,701.969726,7287690240.0
2018-02-25,-0.015117,-0.001697,0.011225,-0.041374,-148.339844,5706939904.0
2018-02-24,-0.047376,-0.001301,0.028745,-0.073209,-488.029296,6917929984.0
2018-02-23,0.029595,-0.00679,0.048206,-0.027031,296.099609,7739500032.0
2018-02-22,-0.064114,-0.002806,0.032618,-0.070279,-685.400391,8040079872.0
2018-02-21,-0.06255,-0.002762,0.001298,-0.081079,-713.299804,9405339648.0
2018-02-20,0.015893,0.000579,0.065317,0.000579,178.40039,9926540288.0
2018-02-19,0.063828,7.6e-05,0.068424,-0.003658,673.5,7652089856.0
2018-02-18,-0.050474,0.000963,0.021336,-0.070793,-560.90039,8744009728.0
2018-02-17,0.085871,-0.00258,0.08849,-0.008257,878.799804,8660880384.0
2018-02-16,0.00664,-0.00302,0.015512,-0.033599,67.5,7296159744.0
2018-02-15,0.070753,-0.000665,0.077957,-0.010432,671.770508,9062540288.0
2018-02-14,0.104244,0.000187,0.107025,0.000187,896.320313,7909819904.0
2018-02-13,-0.036773,1.7e-05,0.003574,-0.052782,-328.260743,5696719872.0
2018-02-12,0.097983,0.00141,0.105283,0.00141,796.600098,6256439808.0
2018-02-11,-0.057056,-0.000669,-0.000669,-0.080122,-491.930176,6122189824.0
2018-02-10,-0.013172,-0.001934,0.044131,-0.050534,-115.080078,7780960256.0
2018-02-09,0.05703,0.000756,0.05703,-0.04608,471.390625,6784820224.0
2018-02-08,0.084538,0.002173,0.123007,0.002173,644.290039,9346750464.0
2018-02-07,-0.017114,0.000192,0.097383,-0.066702,-132.700195,9169280000.0
2018-02-06,0.114838,0.013871,0.128741,-0.130406,798.72998,13999800320.0
2018-02-05,-0.159688,-0.000782,0.010611,-0.183681,-1321.739746,9285289984.0
2018-02-04,-0.097865,8.6e-05,0.017434,-0.124654,-897.90039,7073549824.0
2018-02-03,0.038973,0.00242,0.067944,-0.06558,344.160156,7263790080.0
2018-02-02,-0.037052,-0.003082,-0.003082,-0.149833,-339.790039,12726899712.0
2018-02-01,-0.102783,0.001585,0.006624,-0.137834,-1050.55957,9959400448.0
2018-01-31,0.011359,0.000188,0.02724,-0.032542,114.799804,8041160192.0
2018-01-30,-0.105352,0.000921,0.000956,-0.111558,-1190.100586,8637859840.0
2018-01-29,-0.041565,-0.002613,0.007577,-0.051509,-489.899414,7107359744.0
2018-01-28,0.030208,0.003024,0.052409,0.003024,345.59961,8350360064.0
2018-01-27,0.024106,0.000313,0.0397,-0.01631,269.299804,7583269888.0
2018-01-26,-0.007816,-0.000302,0.035286,-0.070084,-88.0,9746199552.0
2018-01-25,-0.008803,0.005484,0.037528,-0.026586,-100.0,8873169920.0
2018-01-24,0.045177,0.00322,0.058242,-0.021034,491.0,9940989952.0
2018-01-23,-0.005763,0.001198,0.040818,-0.073339,-63.0,9660609536.0
2018-01-22,-0.057646,0.002845,0.031577,-0.117232,-668.699218,10537400320.0
2018-01-21,-0.100712,-0.000775,-0.000256,-0.124891,-1299.100586,9935179776.0
2018-01-20,0.111291,0.004204,0.128849,0.004204,1291.799804,11801700352.0
2018-01-19,0.011547,-0.00393,0.045133,-0.026388,132.5,10740400128.0
2018-01-18,0.025589,0.000912,0.08211,-0.021996,286.300782,15020399616.0
2018-01-17,-0.026274,-0.00517,0.016318,-0.181734,-301.900391,18830600192.0
2018-01-16,-0.168548,0.001179,0.001686,-0.262298,-2329.299805,18853799936.0
2018-01-15,0.003471,-0.000341,0.048904,-0.009461,47.799805,12750799872.0
2018-01-14,-0.04096,0.000738,0.010557,-0.076057,-588.200195,11084099584.0
2018-01-13,0.027152,-0.002017,0.04856,-0.002017,379.600586,12763599872.0
2018-01-12,0.042877,0.003588,0.061473,-0.018477,574.799804,12065699840.0
2018-01-11,-0.104686,-0.000341,0.003039,-0.124715,-1567.5,16534099968.0
2018-01-10,0.025892,-0.000473,0.025892,-0.061951,377.899414,18500800512.0
2018-01-09,-0.037884,-0.003059,0.021582,-0.049182,-574.699218,16659999744.0
2018-01-08,-0.07935,-8.5e-05,0.00366,-0.137726,-1307.5,18413899776.0
2018-01-07,-0.059873,1.7e-05,0.003001,-0.082119,-1049.400391,15866000384.0
2018-01-06,0.005594,0.00187,0.016231,-0.038148,97.5,18314600448.0
2018-01-05,0.117333,-0.007821,0.135007,-0.025412,1830.299805,23840899072.0
2018-01-04,0.026196,0.004585,0.035438,-0.044655,398.200195,21783199744.0
2018-01-03,0.014611,-0.00026,0.039427,-0.009184,218.900391,16871900160.0
2018-01-02,0.097011,-0.002358,0.130876,-0.036142,1324.899414,16846600192.0
2018-01-01,-0.035263,-0.003122,-0.003122,-0.07076,-499.200196,10291200000.0
2017-12-31,0.092973,-0.004208,0.110035,-0.015179,1204.200196,12136299520.0
2017-12-30,-0.116265,0.001754,0.001754,-0.157346,-1704.0,14452599808.0
2017-12-29,0.003403,0.006114,0.046041,-0.020505,49.700195,13025500160.0
2017-12-28,-0.077785,0.001616,0.003151,-0.120037,-1232.0,12336499712.0
2017-12-27,-0.01623,0.003957,0.051622,-0.061212,-261.299805,12487600128.0
2017-12-26,0.147805,0.000713,0.17357,0.000164,2073.200196,13454300160.0
2017-12-25,0.007238,0.005034,0.047911,-0.034246,100.799804,10664699904.0
2017-12-24,-0.052615,-0.006191,-0.00498,-0.132762,-773.40039,11572299776.0
2017-12-23,0.062711,0.008452,0.128067,-0.000217,867.40039,13086000128.0
2017-12-22,-0.12473,0.006018,0.008891,-0.251213,-1971.100586,22197999616.0
2017-12-21,-0.049427,0.001071,0.056729,-0.077109,-821.699218,16516599808.0
2017-12-20,-0.06481,-0.000922,0.008888,-0.095574,-1152.09961,22149699584.0
2017-12-19,-0.069974,0.000215,0.003327,-0.096201,-1337.5,16894499840.0
2017-12-18,-0.00139,-0.001797,0.012027,-0.041007,-26.601562,14839499776.0
2017-12-17,-0.01829,-0.001108,0.030342,-0.02684,-356.59961,13314599936.0
2017-12-16,0.101119,0.003016,0.113504,-0.010821,1790.5,12740599808.0
2017-12-15,0.068999,0.002252,0.095997,0.002252,1142.900391,14309999616.0
2017-12-14,0.009495,-0.001438,0.041297,-0.013548,155.800781,13777399808.0
2017-12-13,-0.057834,0.004858,0.013649,-0.078993,-1007.201172,12976900096.0
2017-12-12,0.028258,-0.001004,0.049891,-0.021563,478.59961,14603799552.0
2017-12-11,0.09585,-0.001812,0.13319,-0.003274,1481.40039,12153900032.0
2017-12-10,0.018263,-0.000646,0.0443,-0.128579,277.200196,13433299968.0
2017-12-09,-0.083962,-0.002782,0.012891,-0.174689,-1391.200196,13911300096.0
2017-12-08,-0.07432,-0.005408,0.025347,-0.199042,-1330.298828,21135998976.0
2017-12-07,0.252472,-0.001777,0.252472,-0.016387,3608.199219,17950699520.0
2017-12-06,0.199283,0.000562,0.205795,0.000562,2374.799805,12656300032.0
2017-12-05,0.022261,0.002445,0.032152,-0.004512,259.5,6895260160.0
2017-12-04,0.029497,-0.000689,0.029497,-0.021319,334.0,6132409856.0
2017-12-03,0.022448,0.000731,0.070802,-0.019197,248.600586,6608309760.0
2017-12-02,0.00902,0.000246,0.031397,-0.006423,99.0,5138500096.0
2017-12-01,0.072506,-0.00342,0.079454,-0.052665,742.0,6783119872.0
2017-11-30,0.034888,0.001838,0.092267,-0.069429,344.989257,8310689792.0
2017-11-29,-0.016919,0.001849,0.145007,-0.045509,-170.189453,11568799744.0
2017-11-28,0.02449,0.000517,0.031304,-0.008357,240.450196,6348819968.0
2017-11-27,0.05228,0.002376,0.05228,0.002376,487.799804,5653320192.0
2017-11-26,0.061385,-0.000214,0.083269,-0.001744,539.629883,5475579904.0
2017-11-25,0.06509,-0.001452,0.06509,-0.007577,537.229492,4342060032.0
2017-11-24,0.026735,0.004385,0.041722,-0.012171,214.92041,5058610176.0
2017-11-23,-0.026023,-0.002565,0.001678,-0.026023,-214.779785,4225179904.0
2017-11-22,0.022585,0.000829,0.02862,0.000522,182.290039,3633530112.0
2017-11-21,-0.015777,0.000622,0.01805,-0.053402,-129.379882,4277609984.0
2017-11-20,0.020426,0.000321,0.037376,-0.010842,164.149414,3488450048.0
2017-11-19,0.031622,-0.003096,0.04002,-0.01233,246.340332,3149319936.0
2017-11-18,0.010528,-0.001528,0.02283,-0.031852,81.159668,3667190016.0
2017-11-17,-0.020669,-0.002302,0.016883,-0.039458,-162.699707,4651670016.0
2017-11-16,0.076023,0.001053,0.089103,-0.018995,556.149902,5123809792.0
2017-11-15,0.102444,-0.000149,0.106469,-0.000149,679.790039,4200880128.0
2017-11-14,0.011626,0.000303,0.031327,-0.014901,76.259766,3197110016.0
2017-11-13,0.102422,-0.001987,0.144724,-0.017778,609.42041,6263249920.0
2017-11-12,-0.064101,-0.009776,0.042068,-0.131904,-407.530274,8957349888.0
2017-11-11,-0.039368,7.1e-05,0.038532,-0.062543,-260.540039,4908680192.0
2017-11-10,-0.073554,0.004221,0.023576,-0.098929,-525.439941,5208249856.0
2017-11-09,-0.042376,-0.001724,-0.001724,-0.048014,-316.109863,3226249984.0
2017-11-08,0.044134,-0.00042,0.088467,-0.004249,315.310058,4602200064.0
2017-11-07,0.017318,4.8e-05,0.03283,4.8e-05,121.620117,2326340096.0
2017-11-06,-0.051928,-0.000566,0.005179,-0.054013,-384.65039,3111899904.0
2017-11-05,0.003721,0.003329,0.032186,-0.006336,27.459961,2380410112.0
2017-11-04,0.02389,-0.006005,0.039555,-0.024485,172.190429,2483800064.0
2017-11-03,0.018261,0.001276,0.054078,-0.010675,129.259766,3369860096.0
2017-11-02,0.045984,0.001546,0.088664,-0.001269,311.189941,4653770240.0
2017-11-01,0.046211,-0.004241,0.046211,-0.013994,298.910157,2870320128.0
2017-10-31,0.055113,0.000243,0.055444,-0.004437,337.870117,2311379968.0
2017-10-30,-0.00379,-0.006337,0.009935,-0.018362,-23.320313,1772150016.0
2017-10-29,0.06966,0.000235,0.087365,-0.004956,400.760254,2859040000.0
2017-10-28,-0.004811,0.001197,0.016575,-0.015864,-27.810058,1403920000.0
2017-10-27,-0.020988,-0.000862,0.014151,-0.029808,-123.930176,1710130048.0
2017-10-26,0.026784,-0.000496,0.039299,-0.005144,154.030273,1905040000.0
2017-10-25,0.04056,-0.000369,0.041199,-0.023298,224.159668,1966989952.0
2017-10-24,-0.06807,0.000877,0.000877,-0.071858,-403.679687,2735699968.0
2017-10-23,-0.012998,-0.000403,0.011179,-0.045927,-78.100098,2401840128.0
2017-10-22,-0.003843,0.000839,0.007404,-0.039668,-23.180176,2034630016.0
2017-10-21,0.003352,-0.002439,0.030513,-0.007715,20.149903,2207099904.0
2017-10-20,0.053066,-7.2e-05,0.06159,-0.01424,302.930175,2354429952.0
2017-10-19,0.021076,-0.001243,0.027485,-0.010666,117.830079,1780540032.0
2017-10-18,-0.002644,-0.000301,-0.000301,-0.081004,-14.819825,2399269888.0
2017-10-17,-0.020973,0.002793,0.013057,-0.044165,-120.080078,1821570048.0
2017-10-16,0.008348,0.001652,0.017266,-0.023596,47.399903,2008070016.0
2017-10-15,-0.026338,0.000715,0.003548,-0.060561,-153.600098,1976039936.0
2017-10-14,0.032685,-0.000652,0.033732,-0.00984,184.580078,1669030016.0
2017-10-13,0.036773,0.003167,0.072223,-0.001847,200.299805,3615480064.0
2017-10-12,0.128547,0.000642,0.128547,-0.000928,620.430176,2791610112.0
2017-10-11,0.009304,0.001518,0.019184,-0.006349,44.489746,1222279936.0
2017-10-10,0.002089,0.000878,0.031465,-0.00145,9.970214,1597139968.0
2017-10-09,0.035038,0.000876,0.058178,-0.010027,161.54004,1968739968.0
2017-10-08,0.041472,0.000628,0.044557,-0.0048,183.589843,1313869952.0
2017-10-07,0.012831,-0.000334,0.016718,-0.011385,56.080078,906928000.0
2017-10-06,0.009796,-0.000913,0.019605,-0.001821,42.399903,1069939968.0
2017-10-05,0.02342,0.000123,0.031513,-0.015442,99.050293,1161769984.0
2017-10-04,-0.02041,0.000438,0.008067,-0.024797,-88.120117,1116770048.0
2017-10-03,-0.020829,-0.000195,0.00525,-0.034116,-91.839844,1288019968.0
2017-10-02,0.001267,-0.001801,0.015098,-0.005968,5.57959,1431730048.0
2017-10-01,0.014988,0.000539,0.014988,-0.01588,65.030273,1208210048.0
2017-09-30,0.04219,0.00073,0.046927,-0.000531,175.640137,1207449984.0
2017-09-29,-0.002793,-0.000745,0.009557,-0.032443,-11.660156,1367049984.0
2017-09-28,-0.006175,-0.000843,0.018721,-0.021656,-25.939942,1712320000.0
2017-09-27,0.079212,0.000152,0.081622,-0.001935,308.319824,1686880000.0
2017-09-26,-0.008589,0.000596,0.011161,-0.014307,-33.71997,1043740032.0
2017-09-25,0.066044,-0.000342,0.07261,-0.000342,243.22998,1374210048.0
2017-09-24,-0.028889,0.000989,0.000989,-0.033093,-109.559814,768014976.0
2017-09-23,0.044537,-0.000215,0.051921,-0.009948,161.699951,928113984.0
2017-09-22,-9.4e-05,-0.000832,0.03504,-0.021347,-0.340088,1194829952.0
2017-09-21,-0.070382,-0.001147,0.002681,-0.07484,-274.909912,1411480064.0
2017-09-20,-0.004846,-0.002194,0.027114,-0.017131,-19.02002,1213830016.0
2017-09-19,-0.034495,0.002113,0.007102,-0.048295,-140.22998,1563980032.0
2017-09-18,0.134618,0.002292,0.138534,0.002292,482.320068,1943209984.0
2017-09-17,-0.01163,-0.005175,0.010971,-0.049489,-42.160156,1239149952.0
2017-09-16,-0.003431,6.3e-05,0.047098,-0.041163,-12.479981,1818400000.0
2017-09-15,0.152956,0.003598,0.183363,-0.066033,482.570069,4148069888.0
2017-09-14,-0.187411,-0.00186,0.00979,-0.187692,-727.640137,2716310016.0
2017-09-13,-0.06009,0.000283,0.000283,-0.082524,-248.219971,2219409920.0
2017-09-12,-0.00732,0.001829,0.044068,-0.018276,-30.459961,1864530048.0
2017-09-11,0.009297,-0.000114,0.033648,-0.00571,38.330079,1557330048.0
2017-09-10,-0.024401,0.000776,0.004586,-0.065077,-103.120118,1679090048.0
2017-09-09,-0.000636,0.000251,0.018935,-0.02711,-2.689941,1386230016.0
2017-09-08,-0.080683,0.001148,0.013287,-0.114068,-371.129883,2700890112.0
2017-09-07,0.0006,-0.001736,0.012599,-0.023012,2.759766,1844620032.0
2017-09-06,0.050403,1.4e-05,0.055003,1.4e-05,220.590332,2172100096.0
2017-09-05,0.033099,-0.001893,0.045211,-0.056228,140.219726,2697969920.0
2017-09-04,-0.075639,0.001892,0.001892,-0.103549,-346.649902,2987330048.0
2017-09-03,0.000915,0.00142,0.029552,-0.035202,4.189941,1933190016.0
2017-09-02,-0.064031,0.001924,0.016973,-0.08642,-313.239746,2722139904.0
2017-09-01,0.040103,-0.000347,0.040103,-0.005286,188.619629,2599079936.0
2017-08-31,0.030248,-0.002127,0.037402,-0.003483,138.090332,1944930048.0
2017-08-30,-0.002996,-0.001891,0.010373,-0.023501,-13.720215,1937849984.0
2017-08-29,0.044804,0.001494,0.05545,-0.006966,196.359864,2486080000.0
2017-08-28,-5e-05,0.000358,0.004803,-0.036104,-0.219727,1959330048.0
2017-08-27,0.007003,-0.001677,0.014748,-0.008067,30.479981,1537459968.0
2017-08-26,-0.004392,0.000105,0.001757,-0.023351,-19.200196,1511609984.0
2017-08-25,0.008517,-0.000429,0.027919,-0.006305,36.919922,1727970048.0
2017-08-24,0.044119,-0.003353,0.054166,-0.005121,183.160156,2037750016.0
2017-08-23,0.012437,-0.002807,0.037863,-0.005392,51.0,2369819904.0
2017-08-22,0.024684,-0.000847,0.031741,-0.081754,98.78003,3764239872.0
2017-08-21,-0.021019,0.00069,0.005255,-0.024234,-85.919922,2800890112.0
2017-08-20,-0.025286,-0.001047,0.000618,-0.029525,-106.040283,2109769984.0
2017-08-19,0.007951,-0.005497,0.019862,-0.045683,33.080078,2975820032.0
2017-08-18,-0.039493,-0.001697,0.008874,-0.073018,-171.069824,2941710080.0
2017-08-17,-0.010268,0.001784,0.024693,-0.03037,-44.939942,2553359872.0
2017-08-16,0.046557,0.004402,0.047657,-0.044838,194.699707,2272039936.0
2017-08-15,-0.033109,0.00043,0.030251,-0.096864,-143.199707,3258050048.0
2017-08-14,0.061835,-0.001758,0.061835,-0.020647,251.869873,2463089920.0
2017-08-13,0.048536,-0.001202,0.083322,-0.006927,188.550049,3159089920.0
2017-08-12,0.064123,3e-06,0.081986,-0.010113,234.089844,2219589888.0
2017-08-11,0.079656,-0.002206,0.088262,-0.002709,269.340088,2021190016.0
2017-08-10,0.011611,-0.000188,0.033203,-0.006881,38.810058,1515110016.0
2017-08-09,-0.022652,0.000134,0.000825,-0.050372,-77.46997,1468960000.0
2017-08-08,0.012134,-0.002581,0.031344,-0.009799,41.0,1752760064.0
2017-08-07,0.051339,-0.000361,0.05717,-0.010283,165.0,1482279936.0
2017-08-06,-0.01198,0.001445,0.012414,-0.029915,-38.969971,1105030016.0
2017-08-05,0.123285,0.000601,0.136096,-0.007272,357.020019,1945699968.0
2017-08-04,0.032502,0.000784,0.033729,-0.021753,91.159913,1002120000.0
2017-08-03,0.0347,-0.000409,0.037865,-0.009418,94.060058,804796992.0
2017-08-02,-0.002792,0.003263,0.016286,-0.018273,-7.590088,1094950016.0
2017-08-01,-0.05463,-0.001405,0.016002,-0.065985,-157.080078,1324669952.0
2017-07-31,0.042855,0.002198,0.048035,-0.013263,118.160156,860574976.0
2017-07-30,0.011271,-0.000756,0.011766,-0.029929,30.729981,705942976.0
2017-07-29,-0.029391,-0.000708,-8.9e-05,-0.04137,-82.560059,803745984.0
2017-07-28,0.051363,0.002976,0.084464,0.002976,137.229981,1380099968.0
2017-07-27,0.056269,0.003661,0.064785,-4.3e-05,142.330078,789104000.0
2017-07-26,-0.018254,0.000501,0.013305,-0.04878,-47.030029,937404032.0
2017-07-25,-0.064751,0.000958,0.004799,-0.099424,-178.380127,1460089984.0
2017-07-24,0.008958,0.000842,0.017162,-0.011431,24.460205,866473984.0
2017-07-23,-0.028369,-0.000719,0.00785,-0.055578,-79.720215,1072840000.0
2017-07-22,0.053363,0.000326,0.072968,-0.003767,142.360107,1177129984.0
2017-07-21,-0.05318,0.007386,0.007386,-0.069474,-149.840088,1489449984.0
2017-07-20,0.239361,-0.001557,0.275914,-0.001557,544.170166,2249260032.0
2017-07-19,-0.0196,0.001811,0.033762,-0.025292,-45.449951,1245100032.0
2017-07-18,0.040598,0.002293,0.071441,-0.028558,90.469971,1512450048.0
2017-07-17,0.154724,0.001451,0.155802,0.001451,298.589966,1201760000.0
2017-07-16,-0.03454,-0.003442,0.029972,-0.077959,-69.040039,1182870016.0
2017-07-15,-0.104991,-0.001442,-0.000985,-0.108774,-234.480103,993608000.0
2017-07-14,-0.052827,0.001141,0.002269,-0.074083,-124.559814,882502976.0
2017-07-13,-0.017067,0.001609,0.010997,-0.024183,-40.940186,835769984.0
2017-07-12,0.026114,-0.002147,0.036753,-0.026799,61.050049,1117410048.0
2017-07-11,-0.014655,0.005618,0.017243,-0.031928,-34.77002,1329760000.0
2017-07-10,-0.057925,0.002704,0.007433,-0.078346,-145.879882,1111200000.0
2017-07-09,-0.020573,0.000494,0.024948,-0.020903,-52.900147,527856000.0
2017-07-08,0.020916,0.000639,0.020916,-0.010462,52.680176,733329984.0
2017-07-07,-0.034464,1.2e-05,0.117912,-0.04205,-89.900147,917411968.0
2017-07-06,0.002525,0.002348,0.005661,-0.007802,6.570069,761956992.0
2017-07-05,0.000135,0.000473,0.008076,-0.02425,0.350097,941566016.0
2017-07-04,0.014656,-0.001193,0.026337,-0.001837,37.579834,985516032.0
2017-07-03,0.022977,-0.003156,0.035321,-0.010373,57.590088,964112000.0
2017-07-02,0.029541,0.00076,0.032749,-0.016311,71.919922,803747008.0
2017-07-01,-0.018659,0.00474,0.013878,-0.024834,-46.290039,779913984.0
2017-06-30,-0.02303,-3.2e-05,0.007849,-0.023979,-58.47998,860273024.0
2017-06-29,-0.013776,-0.002808,0.005453,-0.024977,-35.469971,949979008.0
2017-06-28,0.008752,0.000227,0.020188,-0.026653,22.340088,1183869952.0
2017-06-27,0.029857,0.0,0.029857,-0.05869,74.0,1489789952.0
2017-06-26,-0.042851,0.000448,0.009979,-0.082304,-110.959961,1663280000.0
2017-06-25,-0.007402,-0.000563,0.02819,-0.021696,-19.310059,1161100032.0
2017-06-24,-0.049615,-0.002328,0.004747,-0.058916,-136.189941,982750016.0
2017-06-23,0.0146,0.000713,0.022089,0.000355,39.5,961318976.0
2017-06-22,0.006065,0.000718,0.012882,-0.017381,16.309814,1097939968.0
2017-06-21,-0.01201,-0.004541,0.018451,-0.022555,-32.689941,1626579968.0
2017-06-20,0.051046,0.000641,0.067134,8.5e-05,132.189941,1854189952.0
2017-06-19,0.016211,0.00029,0.044956,0.00029,41.310059,1446840064.0
2017-06-18,-0.04051,-0.000199,0.002342,-0.052544,-107.589844,1178659968.0
2017-06-17,0.054523,-0.001807,0.066161,-0.013341,137.319824,1534509952.0
2017-06-16,0.021902,0.002025,0.030569,-0.032229,53.979981,1195190016.0
2017-06-15,-0.016674,-0.002709,0.011307,-0.117066,-41.790039,2026259968.0
2017-06-14,-0.07753,-5.2e-05,0.025694,-0.111917,-210.649903,1696560000.0
2017-06-13,0.021578,0.008001,0.048657,-0.003478,57.390137,1781200000.0
2017-06-12,-0.100902,-0.001653,0.013235,-0.148592,-298.480224,2569530112.0
2017-06-11,0.003528,-0.001798,0.016586,-0.03636,10.400146,1752400000.0
2017-06-10,0.043877,0.001533,0.045038,-0.02736,123.899902,2018889984.0
2017-06-09,0.006483,0.000649,0.034249,-0.003564,18.189942,1348950016.0
2017-06-08,0.026887,-0.004271,0.03043,-0.022404,73.460205,1281170048.0
2017-06-07,-0.045767,0.002158,0.002158,-0.056804,-131.040039,1517709952.0
2017-06-06,0.06565,0.0015,0.116532,0.0015,176.389892,2089609984.0
2017-06-05,0.069671,0.000235,0.069671,-0.000633,175.0,1369309952.0
2017-06-04,-0.001407,0.012897,0.028044,-0.024971,-3.540039,1355120000.0
2017-06-03,0.010769,0.002077,0.037516,-0.026112,26.800049,1514950016.0
2017-06-02,0.033503,-0.001599,0.033503,-0.014353,80.670166,1317030016.0
2017-06-01,0.053127,0.00084,0.070845,0.00084,121.469971,1653180032.0
2017-05-31,0.050996,0.005387,0.062336,-0.013744,110.939941,1544829952.0
2017-05-30,-0.035529,-0.000111,0.020549,-0.058095,-80.140136,1443970048.0
2017-05-29,0.046298,0.001684,0.07016,-0.022558,99.810058,994625024.0
2017-05-28,0.05735,0.00746,0.112057,0.00746,116.930054,1147139968.0
2017-05-27,-0.074259,-0.002792,0.026235,-0.157368,-163.549927,1700480000.0
2017-05-26,-0.044495,0.006902,0.116621,-0.101081,-102.560058,1763480064.0
2017-05-25,-0.056743,0.001064,0.130981,-0.064797,-138.659913,2406700032.0
2017-05-24,0.053102,0.000409,0.087613,0.000409,123.219971,1725379968.0
2017-05-23,0.067645,0.008356,0.067829,0.002347,147.02002,1378749952.0
2017-05-22,0.064766,0.000975,0.128699,-0.01143,132.199951,1942220032.0
2017-05-21,-0.02088,-0.00849,0.016477,-0.022655,-43.530029,1147859968.0
2017-05-20,0.04881,-0.001746,0.04881,-0.006434,97.020019,961336000.0
2017-05-19,0.05245,0.004617,0.061351,0.000847,99.059937,1157289984.0
2017-05-18,0.026948,-0.011087,0.035556,-0.017384,49.560058,894321024.0
2017-05-17,0.06033,-0.004451,0.074721,-0.041823,104.640015,1064729984.0
2017-05-16,-0.002289,0.001881,0.027329,-0.029849,-3.980103,959044992.0
2017-05-15,-0.038963,-0.00026,0.00215,-0.055486,-70.47998,731529024.0
2017-05-14,0.002216,-0.002244,0.014688,-0.015674,4.0,437196000.0
2017-05-13,0.046786,-0.00065,0.051472,-0.04243,80.670044,579635008.0
2017-05-12,-0.067257,-0.00152,0.004101,-0.083611,-124.329956,740984000.0
2017-05-11,0.034379,-0.003783,0.04857,-0.017783,61.439941,799489984.0
2017-05-10,0.018099,0.000661,0.018845,-0.020657,31.77002,915723008.0
2017-05-09,0.018574,0.000313,0.06391,-0.004091,32.010009,1167920000.0
2017-05-08,0.079313,0.000132,0.079313,0.000132,126.640015,1340320000.0
2017-05-07,0.011344,0.000424,0.01135,-0.01206,17.909912,1080029952.0
2017-05-06,0.015012,0.000874,0.015012,-0.008326,23.350098,582529984.0
2017-05-05,0.011563,0.002081,0.052261,-0.004786,17.779907,946035968.0
2017-05-04,0.031931,0.000423,0.07974,0.000423,47.580078,933548992.0
2017-05-03,0.025654,0.000661,0.027498,-0.003669,37.27002,583795968.0
2017-05-02,0.021961,-0.000401,0.03679,-0.004157,31.21997,477337984.0
2017-05-01,0.054685,0.000304,0.064122,0.000304,73.709961,713624000.0
2017-04-30,0.019746,6e-05,0.019761,-0.005197,26.099976,413115008.0
2017-04-29,0.004034,0.001033,0.008143,-0.000965,5.310059,422705984.0
2017-04-28,-0.000949,8e-06,0.010283,-0.019245,-1.25,527488992.0
2017-04-27,0.028609,0.000625,0.030146,0.000172,36.650024,449196992.0
2017-04-26,0.012319,0.000395,0.023185,0.000348,15.589966,329631008.0
2017-04-25,0.012271,0.00024,0.013942,-0.000144,15.339966,242556000.0
2017-04-24,0.03557,0.002005,0.036224,0.002005,42.940063,235806000.0
2017-04-23,-0.019891,0.000171,0.000398,-0.022546,-24.5,258951008.0
2017-04-22,0.007905,0.00054,0.011055,-0.011113,9.659912,249320000.0
2017-04-21,-0.00572,0.000277,0.005581,-0.011,-7.029907,272167008.0
2017-04-20,0.015525,0.000653,0.025201,-0.001553,18.789917,315108000.0
2017-04-19,-0.001139,0.00038,0.003169,-0.005439,-1.380005,288060992.0
2017-04-18,0.014876,-0.000117,0.019817,-0.000117,17.76001,270524000.0
2017-04-17,0.009274,0.000262,0.01011,-0.008699,10.970093,253206000.0
2017-04-16,0.008887,7.7e-05,0.012537,7.7e-05,10.419921,183231008.0
2017-04-15,0.004265,-0.000206,0.017524,-0.00221,4.979981,203559008.0
2017-04-14,-0.001488,0.000898,0.018405,-0.008116,-1.73999,254827008.0
2017-04-13,-0.0259,0.000542,0.004599,-0.036597,-31.089966,351968992.0
2017-04-12,-0.003851,-0.000166,0.001768,-0.006846,-4.640015,288702016.0
2017-04-11,0.015062,0.000278,0.017639,0.000278,17.880005,216182000.0
2017-04-10,-0.000623,-0.00048,0.002079,-0.007433,-0.73999,215883008.0
2017-04-09,0.010137,0.000527,0.018079,-0.003478,11.920044,242343008.0
2017-04-08,-0.000807,-0.003611,0.006865,-0.012168,-0.950073,209312000.0
2017-04-07,-0.004887,-0.003162,0.003298,-0.01631,-5.78003,317022016.0
2017-04-06,0.051477,0.000916,0.056535,0.000916,57.900025,511222016.0
2017-04-05,-0.007474,0.000785,0.001624,-0.017313,-8.469971,414784000.0
2017-04-04,-0.009232,0.001495,0.011042,-0.020362,-10.560059,436310016.0
2017-04-03,0.03778,0.000708,0.044975,0.000708,41.640015,580444032.0
2017-04-02,0.020056,0.000102,0.025072,-0.004674,21.670044,514187008.0
2017-04-01,0.008127,-7.5e-05,0.018595,-0.009983,8.709961,289633984.0
2017-03-31,0.044192,0.000205,0.047241,0.000205,45.359985,447287008.0
2017-03-30,-0.01302,0.002154,0.008962,-0.019164,-13.539917,352968992.0
2017-03-29,-0.006857,-0.001022,0.007621,-0.029862,-7.180053,298457984.0
2017-03-28,0.00132,-0.001138,0.018054,-0.01725,1.380004,326332000.0
2017-03-27,0.081766,0.005513,0.082417,0.00544,79.045044,372535008.0
2017-03-26,-0.006223,0.001271,0.036165,-0.019113,-6.054016,303668000.0
2017-03-25,0.037609,-0.001045,0.040789,-0.03606,35.258972,435803008.0
2017-03-24,-0.097315,-0.000135,0.00181,-0.100359,-101.069946,491038016.0
2017-03-23,-0.010056,0.000867,0.008455,-0.019263,-10.550049,248540000.0
2017-03-22,-0.063719,9.8e-05,9.8e-05,-0.094892,-71.400024,380840992.0
2017-03-21,0.062899,0.001072,0.064692,0.001072,66.310059,337391008.0
2017-03-20,0.01687,0.000482,0.025358,-5.8e-05,17.48999,286529984.0
2017-03-19,0.064614,0.00299,0.098676,0.00299,62.921997,406648000.0
2017-03-18,-0.114896,-0.000491,0.012579,-0.129586,-126.411987,621302016.0
2017-03-17,-0.073732,-0.00644,-0.00644,-0.074288,-87.580079,706598976.0
2017-03-16,-0.049455,0.001376,0.006698,-0.07776,-61.799926,638568000.0
2017-03-15,0.00775,0.000129,0.009363,-0.000202,9.609985,297804992.0
2017-03-14,0.006559,0.000195,0.010463,-0.009092,8.079956,245306000.0
2017-03-13,0.00863,0.000328,0.013092,-0.003562,10.540039,380276992.0
2017-03-12,0.038739,0.000672,0.043501,-0.0004,45.550049,227176000.0
2017-03-11,0.052932,-0.000358,0.06905,-0.000358,59.109985,283320000.0
2017-03-10,-0.060388,0.000732,0.068978,-0.093598,-71.770019,563795968.0
2017-03-09,0.03347,0.000304,0.04127,-0.007626,38.48999,212283008.0
2017-03-08,-0.060104,-0.000253,0.007045,-0.061674,-73.540039,332603008.0
2017-03-07,-0.038725,0.000299,0.002137,-0.053448,-49.289917,291256000.0
2017-03-06,0.004506,0.000276,0.007008,-0.001989,5.709961,153656992.0
2017-03-05,0.009537,-0.000685,0.009672,-0.013616,11.969971,134127000.0
2017-03-04,-0.015561,0.001914,0.003459,-0.034887,-19.839966,183270000.0
2017-03-03,0.019168,-0.00024,0.023421,-0.00024,23.97998,315739008.0
2017-03-02,0.023321,0.001783,0.032417,-0.005628,28.51001,368275008.0
2017-03-01,0.036043,5.9e-05,0.036043,-0.000237,42.530029,229056992.0
2017-02-28,0.0,0.000636,0.011255,-0.006907,0.0,184956000.0
2017-02-27,0.012676,-0.001219,0.014401,-0.001562,14.77002,131570000.0
2017-02-26,0.018674,0.000376,0.020658,-0.011925,21.359985,116486000.0
2017-02-25,-0.025424,-0.002786,0.000997,-0.041826,-29.840088,139960992.0
2017-02-24,0.005966,0.005134,0.028859,-0.029793,6.960083,330759008.0
2017-02-23,0.044101,-0.000152,0.05296,-0.00043,49.28003,189454000.0
2017-02-22,0.001919,-0.000448,0.009047,-0.013225,2.139892,136100000.0
2017-02-21,0.032704,-0.000648,0.03451,-0.002824,35.320069,186868992.0
2017-02-20,0.030643,0.000782,0.03113,-0.005898,32.109985,109478000.0
2017-02-19,-0.006212,0.000322,0.002267,-0.010394,-6.550049,77423296.0
2017-02-18,0.007847,0.002867,0.014232,0.000717,8.210083,99073504.0
2017-02-17,0.018269,-0.001285,0.025043,-0.001752,18.77002,136474000.0
2017-02-16,0.019812,0.000169,0.025698,0.000169,19.959961,122277000.0
2017-02-15,0.002917,0.001653,0.004271,-0.002957,2.929992,89759400.0
2017-02-14,0.014039,0.001103,0.021065,-0.00421,13.907959,137946000.0
2017-02-13,-0.008546,-0.000296,0.002921,-0.023198,-8.539001,100607000.0
2017-02-12,-0.005246,-0.000926,0.000309,-0.007496,-5.268982,67530000.0
2017-02-11,0.015957,0.000227,0.020852,-0.005911,15.776001,102261000.0
2017-02-10,-0.005741,0.001256,0.004548,-0.047961,-5.708985,190452000.0
2017-02-09,-0.064612,0.001533,0.024382,-0.103216,-68.68695,407220000.0
2017-02-08,0.001621,0.000914,0.016601,-0.022481,1.71997,201855008.0
2017-02-07,0.022347,0.001917,0.022906,0.001917,23.199952,146007008.0
2017-02-06,0.010522,0.001032,0.01684,0.000798,10.810058,111762000.0
2017-02-05,-0.01492,0.000594,0.0007,-0.019686,-15.560058,114208000.0
2017-02-04,0.012613,0.001379,0.015526,-0.014322,12.98999,155064000.0
2017-02-03,0.017899,-0.000336,0.021813,-0.002975,18.110046,201278000.0
2017-02-02,0.02303,0.000989,0.024769,-0.005866,22.776978,145820992.0
2017-02-01,0.019188,0.000554,0.019282,0.000349,18.619995,150110000.0
2017-01-31,0.054348,0.000627,0.056104,0.000627,50.020996,164582000.0
2017-01-30,0.000964,0.000712,0.003863,-2.4e-05,0.886047,78227296.0
2017-01-29,-0.002272,0.000518,0.001984,-0.00265,-2.094055,60851700.0
2017-01-28,0.002001,6.6e-05,0.004524,6.6e-05,1.840027,68979600.0
2017-01-27,0.002358,0.000842,0.006143,-0.001896,2.164001,125594000.0
2017-01-26,0.017796,0.000946,0.019726,0.000756,16.044007,131958000.0
2017-01-25,0.009919,-0.000855,0.011835,-0.00112,8.85498,120831000.0
2017-01-24,-0.030754,-0.011221,0.003402,-0.03119,-28.325012,111349000.0
2017-01-23,-0.003959,0.000893,0.003886,-0.008581,-3.66095,73588600.0
2017-01-22,0.003129,0.000451,0.017071,-0.02628,2.883973,116573000.0
2017-01-21,0.029902,0.000584,0.036134,0.000569,26.763,111158000.0
2017-01-20,-0.004501,-0.001002,0.000361,-0.013419,-4.046997,86728400.0
2017-01-19,0.014048,0.001937,0.020297,-0.002572,12.455017,105625000.0
2017-01-18,-0.023482,0.001581,0.01053,-0.054667,-21.320007,225676992.0
2017-01-17,0.091883,-0.000707,0.095038,-0.000887,76.403991,155095008.0
2017-01-16,0.011847,-1.8e-05,0.015493,-0.001858,9.736023,82755200.0
2017-01-15,0.004137,-0.00033,0.005981,-0.00677,3.385987,71013600.0
2017-01-14,-0.006762,0.001405,0.013472,-0.013991,-5.572022,93063296.0
2017-01-13,0.023794,-0.001363,0.030027,-0.030852,19.150025,168968000.0
2017-01-12,0.034814,-0.003316,0.062345,-0.028288,27.076965,222326000.0
2017-01-11,-0.143136,0.00048,0.012966,-0.159653,-129.921997,310928992.0
2017-01-10,0.005373,-0.00043,0.013341,-0.001958,4.851013,115808000.0
2017-01-09,-0.009187,0.002244,0.002729,-0.034451,-8.370972,141876992.0
2017-01-08,0.002877,-0.000451,0.037574,-0.023483,2.613953,158715008.0
2017-01-07,0.007076,0.001425,0.007076,-0.08717,6.384033,279550016.0
2017-01-06,-0.109711,0.000849,0.032989,-0.127727,-111.179016,351876000.0
2017-01-05,-0.12241,0.001732,0.031497,-0.211576,-141.349975,510199008.0
2017-01-04,0.106233,0.000537,0.110726,0.000537,110.890014,344945984.0
2017-01-03,0.02162,-0.000147,0.021855,-0.000147,22.089966,185168000.0
2017-01-02,0.023464,0.000292,0.03312,-0.001626,23.424988,222184992.0
